,produto,categoria,Ano,quantidade_L
0,Tinto,VINHO DE MESA,1970,174224052
1,Branco,VINHO DE MESA,1970,748400
2,Rosado,VINHO DE MESA,1970,42236152
3,Tinto,VINHO FINO DE MESA (VINÍFERA),1970,7591557
4,Branco,VINHO FINO DE MESA (VINÍFERA),1970,15562889
5,Rosado,VINHO FINO DE MESA (VINÍFERA),1970,744900
6,Suco de uva integral,SUCO,1970,1097771
7,Suco de uva concentrado,SUCO,1970,0
8,Suco de uva adoçado,SUCO,1970,0
9,Suco de uva orgânico,SUCO,1970,0
10,Suco de uva reconstituído,SUCO,1970,0
11,Espumante,DERIVADOS,1970,0
12,Espumante moscatel,DERIVADOS,1970,0
13,Base espumante,DERIVADOS,1970,0
14,Base espumante moscatel,DERIVADOS,1970,0
15,Base Champenoise champanha,DERIVADOS,1970,0
16,Base Charmat champanha,DERIVADOS,1970,0
17,Bebida de uva,DERIVADOS,1970,0
18,Polpa de uva,DERIVADOS,1970,0
19,Mosto simples,DERIVADOS,1970,7170736
20,Mosto concentrado,DERIVADOS,1970,0
21,Mosto de uva com bagaço,DERIVADOS,1970,0
22,Mosto dessulfitado,DERIVADOS,1970,0
23,Mistelas,DERIVADOS,1970,1072100
24,Néctar de uva,DERIVADOS,1970,0
25,Licorosos,DERIVADOS,1970,282500
26,Compostos,DERIVADOS,1970,0
27,Jeropiga,DERIVADOS,1970,0
28,Filtrado,DERIVADOS,1970,0
29,Frisante,DERIVADOS,1970,0
30,Vinho leve,DERIVADOS,1970,0
31,Vinho licoroso,DERIVADOS,1970,0
32,Brandy,DERIVADOS,1970,0
33,Destilado,DERIVADOS,1970,830030
34,Bagaceira,DERIVADOS,1970,961290
35,Licor de bagaceira,DERIVADOS,1970,0
36,Vinagre,DERIVADOS,1970,0
37,Borra líquida,DERIVADOS,1970,3847673
38,Borra seca,DERIVADOS,1970,0
39,Vinho Composto,DERIVADOS,1970,0
40,Pisco,DERIVADOS,1970,0
41,Vinho orgânico,DERIVADOS,1970,0
42,Espumante orgânico,DERIVADOS,1970,0
43,Destilado alcoólico simples de bagaceira ,DERIVADOS,1970,0
44,Vinho acidificado ,DERIVADOS,1970,0
45,Mosto parcialmente fermentado ,DERIVADOS,1970,0
46,Outros derivados,DERIVADOS,1970,0
47,Tinto,VINHO DE MESA,1971,121133369
48,Branco,VINHO DE MESA,1971,1160500
49,Rosado,VINHO DE MESA,1971,31970782
50,Tinto,VINHO FINO DE MESA (VINÍFERA),1971,7265666
51,Branco,VINHO FINO DE MESA (VINÍFERA),1971,15655709
52,Rosado,VINHO FINO DE MESA (VINÍFERA),1971,664687
53,Suco de uva integral,SUCO,1971,2296654
54,Suco de uva concentrado,SUCO,1971,0
55,Suco de uva adoçado,SUCO,1971,0
56,Suco de uva orgânico,SUCO,1971,0
57,Suco de uva reconstituído,SUCO,1971,0
58,Espumante,DERIVADOS,1971,0
59,Espumante moscatel,DERIVADOS,1971,0
60,Base espumante,DERIVADOS,1971,0
61,Base espumante moscatel,DERIVADOS,1971,0
62,Base Champenoise champanha,DERIVADOS,1971,0
63,Base Charmat champanha,DERIVADOS,1971,0
64,Bebida de uva,DERIVADOS,1971,0
65,Polpa de uva,DERIVADOS,1971,0
66,Mosto simples,DERIVADOS,1971,7646774
67,Mosto concentrado,DERIVADOS,1971,0
68,Mosto de uva com bagaço,DERIVADOS,1971,0
69,Mosto dessulfitado,DERIVADOS,1971,0
70,Mistelas,DERIVADOS,1971,818400
71,Néctar de uva,DERIVADOS,1971,0
72,Licorosos,DERIVADOS,1971,270000
73,Compostos,DERIVADOS,1971,45000
74,Jeropiga,DERIVADOS,1971,0
75,Filtrado,DERIVADOS,1971,0
76,Frisante,DERIVADOS,1971,0
77,Vinho leve,DERIVADOS,1971,0
78,Vinho licoroso,DERIVADOS,1971,0
79,Brandy,DERIVADOS,1971,0
80,Destilado,DERIVADOS,1971,0
81,Bagaceira,DERIVADOS,1971,913200
82,Licor de bagaceira,DERIVADOS,1971,0
83,Vinagre,DERIVADOS,1971,21500
84,Borra líquida,DERIVADOS,1971,3565644
85,Borra seca,DERIVADOS,1971,0
86,Vinho Composto,DERIVADOS,1971,0
87,Pisco,DERIVADOS,1971,0
88,Vinho orgânico,DERIVADOS,1971,0
89,Espumante orgânico,DERIVADOS,1971,0
90,Destilado alcoólico simples de bagaceira ,DERIVADOS,1971,0
91,Vinho acidificado ,DERIVADOS,1971,0
92,Mosto parcialmente fermentado ,DERIVADOS,1971,0
93,Outros derivados,DERIVADOS,1971,0
94,Tinto,VINHO DE MESA,1972,118180926
95,Branco,VINHO DE MESA,1972,1812367
96,Rosado,VINHO DE MESA,1972,26960004
97,Tinto,VINHO FINO DE MESA (VINÍFERA),1972,6782837
98,Branco,VINHO FINO DE MESA (VINÍFERA),1972,13289304
99,Rosado,VINHO FINO DE MESA (VINÍFERA),1972,1006630
100,Suco de uva integral,SUCO,1972,3509440
101,Suco de uva concentrado,SUCO,1972,0
102,Suco de uva adoçado,SUCO,1972,0
103,Suco de uva orgânico,SUCO,1972,0
104,Suco de uva reconstituído,SUCO,1972,0
105,Espumante,DERIVADOS,1972,0
106,Espumante moscatel,DERIVADOS,1972,0
107,Base espumante,DERIVADOS,1972,0
108,Base espumante moscatel,DERIVADOS,1972,0
109,Base Champenoise champanha,DERIVADOS,1972,0
110,Base Charmat champanha,DERIVADOS,1972,0
111,Bebida de uva,DERIVADOS,1972,0
112,Polpa de uva,DERIVADOS,1972,0
113,Mosto simples,DERIVADOS,1972,6051822
114,Mosto concentrado,DERIVADOS,1972,0
115,Mosto de uva com bagaço,DERIVADOS,1972,0
116,Mosto dessulfitado,DERIVADOS,1972,0
117,Mistelas,DERIVADOS,1972,871200
118,Néctar de uva,DERIVADOS,1972,0
119,Licorosos,DERIVADOS,1972,254600
120,Compostos,DERIVADOS,1972,1358300
121,Jeropiga,DERIVADOS,1972,0
122,Filtrado,DERIVADOS,1972,0
123,Frisante,DERIVADOS,1972,0
124,Vinho leve,DERIVADOS,1972,0
125,Vinho licoroso,DERIVADOS,1972,0
126,Brandy,DERIVADOS,1972,0
127,Destilado,DERIVADOS,1972,0
128,Bagaceira,DERIVADOS,1972,755350
129,Licor de bagaceira,DERIVADOS,1972,0
130,Vinagre,DERIVADOS,1972,8200
131,Borra líquida,DERIVADOS,1972,3015037
132,Borra seca,DERIVADOS,1972,0
133,Vinho Composto,DERIVADOS,1972,0
134,Pisco,DERIVADOS,1972,0
135,Vinho orgânico,DERIVADOS,1972,0
136,Espumante orgânico,DERIVADOS,1972,0
137,Destilado alcoólico simples de bagaceira ,DERIVADOS,1972,0
138,Vinho acidificado ,DERIVADOS,1972,0
139,Mosto parcialmente fermentado ,DERIVADOS,1972,0
140,Outros derivados,DERIVADOS,1972,0
141,Tinto,VINHO DE MESA,1973,88589019
142,Branco,VINHO DE MESA,1973,243900
143,Rosado,VINHO DE MESA,1973,27877426
144,Tinto,VINHO FINO DE MESA (VINÍFERA),1973,3419625
145,Branco,VINHO FINO DE MESA (VINÍFERA),1973,7930070
146,Rosado,VINHO FINO DE MESA (VINÍFERA),1973,1018715
147,Suco de uva integral,SUCO,1973,0
148,Suco de uva concentrado,SUCO,1973,0
149,Suco de uva adoçado,SUCO,1973,0
150,Suco de uva orgânico,SUCO,1973,0
151,Suco de uva reconstituído,SUCO,1973,0
152,Espumante,DERIVADOS,1973,0
153,Espumante moscatel,DERIVADOS,1973,0
154,Base espumante,DERIVADOS,1973,0
155,Base espumante moscatel,DERIVADOS,1973,0
156,Base Champenoise champanha,DERIVADOS,1973,0
157,Base Charmat champanha,DERIVADOS,1973,0
158,Bebida de uva,DERIVADOS,1973,0
159,Polpa de uva,DERIVADOS,1973,0
160,Mosto simples,DERIVADOS,1973,21779327
161,Mosto concentrado,DERIVADOS,1973,0
162,Mosto de uva com bagaço,DERIVADOS,1973,0
163,Mosto dessulfitado,DERIVADOS,1973,0
164,Mistelas,DERIVADOS,1973,512900
165,Néctar de uva,DERIVADOS,1973,0
166,Licorosos,DERIVADOS,1973,176500
167,Compostos,DERIVADOS,1973,1628000
168,Jeropiga,DERIVADOS,1973,0
169,Filtrado,DERIVADOS,1973,0
170,Frisante,DERIVADOS,1973,0
171,Vinho leve,DERIVADOS,1973,0
172,Vinho licoroso,DERIVADOS,1973,0
173,Brandy,DERIVADOS,1973,0
174,Destilado,DERIVADOS,1973,0
175,Bagaceira,DERIVADOS,1973,661270
176,Licor de bagaceira,DERIVADOS,1973,0
177,Vinagre,DERIVADOS,1973,0
178,Borra líquida,DERIVADOS,1973,3559922
179,Borra seca,DERIVADOS,1973,0
180,Vinho Composto,DERIVADOS,1973,0
181,Pisco,DERIVADOS,1973,0
182,Vinho orgânico,DERIVADOS,1973,0
183,Espumante orgânico,DERIVADOS,1973,0
184,Destilado alcoólico simples de bagaceira ,DERIVADOS,1973,0
185,Vinho acidificado ,DERIVADOS,1973,0
186,Mosto parcialmente fermentado ,DERIVADOS,1973,0
187,Outros derivados,DERIVADOS,1973,0
188,Tinto,VINHO DE MESA,1974,146544484
189,Branco,VINHO DE MESA,1974,4138768
190,Rosado,VINHO DE MESA,1974,43192093
191,Tinto,VINHO FINO DE MESA (VINÍFERA),1974,10047658
192,Branco,VINHO FINO DE MESA (VINÍFERA),1974,18927471
193,Rosado,VINHO FINO DE MESA (VINÍFERA),1974,2668995
194,Suco de uva integral,SUCO,1974,0
195,Suco de uva concentrado,SUCO,1974,0
196,Suco de uva adoçado,SUCO,1974,0
197,Suco de uva orgânico,SUCO,1974,0
198,Suco de uva reconstituído,SUCO,1974,0
199,Espumante,DERIVADOS,1974,0
200,Espumante moscatel,DERIVADOS,1974,0
201,Base espumante,DERIVADOS,1974,0
202,Base espumante moscatel,DERIVADOS,1974,0
203,Base Champenoise champanha,DERIVADOS,1974,0
204,Base Charmat champanha,DERIVADOS,1974,0
205,Bebida de uva,DERIVADOS,1974,0
206,Polpa de uva,DERIVADOS,1974,0
207,Mosto simples,DERIVADOS,1974,41346735
208,Mosto concentrado,DERIVADOS,1974,0
209,Mosto de uva com bagaço,DERIVADOS,1974,0
210,Mosto dessulfitado,DERIVADOS,1974,0
211,Mistelas,DERIVADOS,1974,826300
212,Néctar de uva,DERIVADOS,1974,0
213,Licorosos,DERIVADOS,1974,135000
214,Compostos,DERIVADOS,1974,0
215,Jeropiga,DERIVADOS,1974,0
216,Filtrado,DERIVADOS,1974,0
217,Frisante,DERIVADOS,1974,0
218,Vinho leve,DERIVADOS,1974,0
219,Vinho licoroso,DERIVADOS,1974,0
220,Brandy,DERIVADOS,1974,0
221,Destilado,DERIVADOS,1974,0
222,Bagaceira,DERIVADOS,1974,424620
223,Licor de bagaceira,DERIVADOS,1974,0
224,Vinagre,DERIVADOS,1974,35300
225,Borra líquida,DERIVADOS,1974,5136979
226,Borra seca,DERIVADOS,1974,0
227,Vinho Composto,DERIVADOS,1974,0
228,Pisco,DERIVADOS,1974,0
229,Vinho orgânico,DERIVADOS,1974,0
230,Espumante orgânico,DERIVADOS,1974,0
231,Destilado alcoólico simples de bagaceira ,DERIVADOS,1974,0
232,Vinho acidificado ,DERIVADOS,1974,0
233,Mosto parcialmente fermentado ,DERIVADOS,1974,0
234,Outros derivados,DERIVADOS,1974,0
235,Tinto,VINHO DE MESA,1975,144274134
236,Branco,VINHO DE MESA,1975,1441507
237,Rosado,VINHO DE MESA,1975,31685568
238,Tinto,VINHO FINO DE MESA (VINÍFERA),1975,14731106
239,Branco,VINHO FINO DE MESA (VINÍFERA),1975,21933695
240,Rosado,VINHO FINO DE MESA (VINÍFERA),1975,2759789
241,Suco de uva integral,SUCO,1975,0
242,Suco de uva concentrado,SUCO,1975,0
243,Suco de uva adoçado,SUCO,1975,0
244,Suco de uva orgânico,SUCO,1975,0
245,Suco de uva reconstituído,SUCO,1975,0
246,Espumante,DERIVADOS,1975,0
247,Espumante moscatel,DERIVADOS,1975,0
248,Base espumante,DERIVADOS,1975,0
249,Base espumante moscatel,DERIVADOS,1975,0
250,Base Champenoise champanha,DERIVADOS,1975,0
251,Base Charmat champanha,DERIVADOS,1975,0
252,Bebida de uva,DERIVADOS,1975,0
253,Polpa de uva,DERIVADOS,1975,0
254,Mosto simples,DERIVADOS,1975,48185206
255,Mosto concentrado,DERIVADOS,1975,0
256,Mosto de uva com bagaço,DERIVADOS,1975,0
257,Mosto dessulfitado,DERIVADOS,1975,0
258,Mistelas,DERIVADOS,1975,223000
259,Néctar de uva,DERIVADOS,1975,0
260,Licorosos,DERIVADOS,1975,24000
261,Compostos,DERIVADOS,1975,0
262,Jeropiga,DERIVADOS,1975,0
263,Filtrado,DERIVADOS,1975,0
264,Frisante,DERIVADOS,1975,0
265,Vinho leve,DERIVADOS,1975,0
266,Vinho licoroso,DERIVADOS,1975,0
267,Brandy,DERIVADOS,1975,0
268,Destilado,DERIVADOS,1975,0
269,Bagaceira,DERIVADOS,1975,576098
270,Licor de bagaceira,DERIVADOS,1975,0
271,Vinagre,DERIVADOS,1975,0
272,Borra líquida,DERIVADOS,1975,4624839
273,Borra seca,DERIVADOS,1975,0
274,Vinho Composto,DERIVADOS,1975,0
275,Pisco,DERIVADOS,1975,0
276,Vinho orgânico,DERIVADOS,1975,0
277,Espumante orgânico,DERIVADOS,1975,0
278,Destilado alcoólico simples de bagaceira ,DERIVADOS,1975,0
279,Vinho acidificado ,DERIVADOS,1975,0
280,Mosto parcialmente fermentado ,DERIVADOS,1975,0
281,Outros derivados,DERIVADOS,1975,0
282,Tinto,VINHO DE MESA,1976,118360170
283,Branco,VINHO DE MESA,1976,1871473
284,Rosado,VINHO DE MESA,1976,24333795
285,Tinto,VINHO FINO DE MESA (VINÍFERA),1976,12405154
286,Branco,VINHO FINO DE MESA (VINÍFERA),1976,19874659
287,Rosado,VINHO FINO DE MESA (VINÍFERA),1976,2220777
288,Suco de uva integral,SUCO,1976,0
289,Suco de uva concentrado,SUCO,1976,0
290,Suco de uva adoçado,SUCO,1976,0
291,Suco de uva orgânico,SUCO,1976,0
292,Suco de uva reconstituído,SUCO,1976,0
293,Espumante,DERIVADOS,1976,0
294,Espumante moscatel,DERIVADOS,1976,0
295,Base espumante,DERIVADOS,1976,0
296,Base espumante moscatel,DERIVADOS,1976,0
297,Base Champenoise champanha,DERIVADOS,1976,0
298,Base Charmat champanha,DERIVADOS,1976,0
299,Bebida de uva,DERIVADOS,1976,0
300,Polpa de uva,DERIVADOS,1976,0
301,Mosto simples,DERIVADOS,1976,18220527
302,Mosto concentrado,DERIVADOS,1976,0
303,Mosto de uva com bagaço,DERIVADOS,1976,0
304,Mosto dessulfitado,DERIVADOS,1976,0
305,Mistelas,DERIVADOS,1976,205500
306,Néctar de uva,DERIVADOS,1976,0
307,Licorosos,DERIVADOS,1976,4400
308,Compostos,DERIVADOS,1976,0
309,Jeropiga,DERIVADOS,1976,107500
310,Filtrado,DERIVADOS,1976,0
311,Frisante,DERIVADOS,1976,0
312,Vinho leve,DERIVADOS,1976,0
313,Vinho licoroso,DERIVADOS,1976,0
314,Brandy,DERIVADOS,1976,0
315,Destilado,DERIVADOS,1976,0
316,Bagaceira,DERIVADOS,1976,705912
317,Licor de bagaceira,DERIVADOS,1976,0
318,Vinagre,DERIVADOS,1976,288000
319,Borra líquida,DERIVADOS,1976,3393173
320,Borra seca,DERIVADOS,1976,0
321,Vinho Composto,DERIVADOS,1976,0
322,Pisco,DERIVADOS,1976,0
323,Vinho orgânico,DERIVADOS,1976,0
324,Espumante orgânico,DERIVADOS,1976,0
325,Destilado alcoólico simples de bagaceira ,DERIVADOS,1976,0
326,Vinho acidificado ,DERIVADOS,1976,0
327,Mosto parcialmente fermentado ,DERIVADOS,1976,0
328,Outros derivados,DERIVADOS,1976,0
329,Tinto,VINHO DE MESA,1977,154801826
330,Branco,VINHO DE MESA,1977,4954387
331,Rosado,VINHO DE MESA,1977,35603565
332,Tinto,VINHO FINO DE MESA (VINÍFERA),1977,16131758
333,Branco,VINHO FINO DE MESA (VINÍFERA),1977,20409231
334,Rosado,VINHO FINO DE MESA (VINÍFERA),1977,4723982
335,Suco de uva integral,SUCO,1977,0
336,Suco de uva concentrado,SUCO,1977,0
337,Suco de uva adoçado,SUCO,1977,0
338,Suco de uva orgânico,SUCO,1977,0
339,Suco de uva reconstituído,SUCO,1977,0
340,Espumante,DERIVADOS,1977,0
341,Espumante moscatel,DERIVADOS,1977,0
342,Base espumante,DERIVADOS,1977,0
343,Base espumante moscatel,DERIVADOS,1977,0
344,Base Champenoise champanha,DERIVADOS,1977,0
345,Base Charmat champanha,DERIVADOS,1977,0
346,Bebida de uva,DERIVADOS,1977,0
347,Polpa de uva,DERIVADOS,1977,0
348,Mosto simples,DERIVADOS,1977,22097156
349,Mosto concentrado,DERIVADOS,1977,0
350,Mosto de uva com bagaço,DERIVADOS,1977,0
351,Mosto dessulfitado,DERIVADOS,1977,0
352,Mistelas,DERIVADOS,1977,553200
353,Néctar de uva,DERIVADOS,1977,0
354,Licorosos,DERIVADOS,1977,525000
355,Compostos,DERIVADOS,1977,0
356,Jeropiga,DERIVADOS,1977,12500
357,Filtrado,DERIVADOS,1977,0
358,Frisante,DERIVADOS,1977,0
359,Vinho leve,DERIVADOS,1977,0
360,Vinho licoroso,DERIVADOS,1977,0
361,Brandy,DERIVADOS,1977,0
362,Destilado,DERIVADOS,1977,0
363,Bagaceira,DERIVADOS,1977,828000
364,Licor de bagaceira,DERIVADOS,1977,0
365,Vinagre,DERIVADOS,1977,0
366,Borra líquida,DERIVADOS,1977,0
367,Borra seca,DERIVADOS,1977,0
368,Vinho Composto,DERIVADOS,1977,0
369,Pisco,DERIVADOS,1977,0
370,Vinho orgânico,DERIVADOS,1977,0
371,Espumante orgânico,DERIVADOS,1977,0
372,Destilado alcoólico simples de bagaceira ,DERIVADOS,1977,0
373,Vinho acidificado ,DERIVADOS,1977,0
374,Mosto parcialmente fermentado ,DERIVADOS,1977,0
375,Outros derivados,DERIVADOS,1977,0
376,Tinto,VINHO DE MESA,1978,162917363
377,Branco,VINHO DE MESA,1978,5079748
378,Rosado,VINHO DE MESA,1978,32056558
379,Tinto,VINHO FINO DE MESA (VINÍFERA),1978,15000671
380,Branco,VINHO FINO DE MESA (VINÍFERA),1978,17640081
381,Rosado,VINHO FINO DE MESA (VINÍFERA),1978,4110181
382,Suco de uva integral,SUCO,1978,0
383,Suco de uva concentrado,SUCO,1978,0
384,Suco de uva adoçado,SUCO,1978,0
385,Suco de uva orgânico,SUCO,1978,0
386,Suco de uva reconstituído,SUCO,1978,0
387,Espumante,DERIVADOS,1978,0
388,Espumante moscatel,DERIVADOS,1978,0
389,Base espumante,DERIVADOS,1978,0
390,Base espumante moscatel,DERIVADOS,1978,0
391,Base Champenoise champanha,DERIVADOS,1978,0
392,Base Charmat champanha,DERIVADOS,1978,0
393,Bebida de uva,DERIVADOS,1978,0
394,Polpa de uva,DERIVADOS,1978,0
395,Mosto simples,DERIVADOS,1978,40052456
396,Mosto concentrado,DERIVADOS,1978,0
397,Mosto de uva com bagaço,DERIVADOS,1978,0
398,Mosto dessulfitado,DERIVADOS,1978,0
399,Mistelas,DERIVADOS,1978,242150
400,Néctar de uva,DERIVADOS,1978,0
401,Licorosos,DERIVADOS,1978,479971
402,Compostos,DERIVADOS,1978,75000
403,Jeropiga,DERIVADOS,1978,60000
404,Filtrado,DERIVADOS,1978,0
405,Frisante,DERIVADOS,1978,0
406,Vinho leve,DERIVADOS,1978,0
407,Vinho licoroso,DERIVADOS,1978,0
408,Brandy,DERIVADOS,1978,0
409,Destilado,DERIVADOS,1978,0
410,Bagaceira,DERIVADOS,1978,698200
411,Licor de bagaceira,DERIVADOS,1978,0
412,Vinagre,DERIVADOS,1978,0
413,Borra líquida,DERIVADOS,1978,0
414,Borra seca,DERIVADOS,1978,0
415,Vinho Composto,DERIVADOS,1978,0
416,Pisco,DERIVADOS,1978,0
417,Vinho orgânico,DERIVADOS,1978,0
418,Espumante orgânico,DERIVADOS,1978,0
419,Destilado alcoólico simples de bagaceira ,DERIVADOS,1978,0
420,Vinho acidificado ,DERIVADOS,1978,0
421,Mosto parcialmente fermentado ,DERIVADOS,1978,0
422,Outros derivados,DERIVADOS,1978,0
423,Tinto,VINHO DE MESA,1979,154736439
424,Branco,VINHO DE MESA,1979,7146395
425,Rosado,VINHO DE MESA,1979,49370148
426,Tinto,VINHO FINO DE MESA (VINÍFERA),1979,14356453
427,Branco,VINHO FINO DE MESA (VINÍFERA),1979,25727132
428,Rosado,VINHO FINO DE MESA (VINÍFERA),1979,6046125
429,Suco de uva integral,SUCO,1979,0
430,Suco de uva concentrado,SUCO,1979,0
431,Suco de uva adoçado,SUCO,1979,0
432,Suco de uva orgânico,SUCO,1979,0
433,Suco de uva reconstituído,SUCO,1979,0
434,Espumante,DERIVADOS,1979,0
435,Espumante moscatel,DERIVADOS,1979,0
436,Base espumante,DERIVADOS,1979,0
437,Base espumante moscatel,DERIVADOS,1979,0
438,Base Champenoise champanha,DERIVADOS,1979,0
439,Base Charmat champanha,DERIVADOS,1979,0
440,Bebida de uva,DERIVADOS,1979,0
441,Polpa de uva,DERIVADOS,1979,0
442,Mosto simples,DERIVADOS,1979,34318456
443,Mosto concentrado,DERIVADOS,1979,0
444,Mosto de uva com bagaço,DERIVADOS,1979,0
445,Mosto dessulfitado,DERIVADOS,1979,0
446,Mistelas,DERIVADOS,1979,60300
447,Néctar de uva,DERIVADOS,1979,0
448,Licorosos,DERIVADOS,1979,34000
449,Compostos,DERIVADOS,1979,0
450,Jeropiga,DERIVADOS,1979,20000
451,Filtrado,DERIVADOS,1979,0
452,Frisante,DERIVADOS,1979,0
453,Vinho leve,DERIVADOS,1979,0
454,Vinho licoroso,DERIVADOS,1979,0
455,Brandy,DERIVADOS,1979,0
456,Destilado,DERIVADOS,1979,0
457,Bagaceira,DERIVADOS,1979,938090
458,Licor de bagaceira,DERIVADOS,1979,0
459,Vinagre,DERIVADOS,1979,0
460,Borra líquida,DERIVADOS,1979,0
461,Borra seca,DERIVADOS,1979,0
462,Vinho Composto,DERIVADOS,1979,0
463,Pisco,DERIVADOS,1979,0
464,Vinho orgânico,DERIVADOS,1979,0
465,Espumante orgânico,DERIVADOS,1979,0
466,Destilado alcoólico simples de bagaceira ,DERIVADOS,1979,0
467,Vinho acidificado ,DERIVADOS,1979,0
468,Mosto parcialmente fermentado ,DERIVADOS,1979,0
469,Outros derivados,DERIVADOS,1979,0
470,Tinto,VINHO DE MESA,1980,101659755
471,Branco,VINHO DE MESA,1980,5363452
472,Rosado,VINHO DE MESA,1980,23284978
473,Tinto,VINHO FINO DE MESA (VINÍFERA),1980,9296741
474,Branco,VINHO FINO DE MESA (VINÍFERA),1980,19326572
475,Rosado,VINHO FINO DE MESA (VINÍFERA),1980,3117350
476,Suco de uva integral,SUCO,1980,0
477,Suco de uva concentrado,SUCO,1980,0
478,Suco de uva adoçado,SUCO,1980,0
479,Suco de uva orgânico,SUCO,1980,0
480,Suco de uva reconstituído,SUCO,1980,0
481,Espumante,DERIVADOS,1980,0
482,Espumante moscatel,DERIVADOS,1980,0
483,Base espumante,DERIVADOS,1980,0
484,Base espumante moscatel,DERIVADOS,1980,0
485,Base Champenoise champanha,DERIVADOS,1980,0
486,Base Charmat champanha,DERIVADOS,1980,0
487,Bebida de uva,DERIVADOS,1980,0
488,Polpa de uva,DERIVADOS,1980,0
489,Mosto simples,DERIVADOS,1980,37553414
490,Mosto concentrado,DERIVADOS,1980,0
491,Mosto de uva com bagaço,DERIVADOS,1980,0
492,Mosto dessulfitado,DERIVADOS,1980,0
493,Mistelas,DERIVADOS,1980,0
494,Néctar de uva,DERIVADOS,1980,0
495,Licorosos,DERIVADOS,1980,0
496,Compostos,DERIVADOS,1980,0
497,Jeropiga,DERIVADOS,1980,0
498,Filtrado,DERIVADOS,1980,0
499,Frisante,DERIVADOS,1980,0
500,Vinho leve,DERIVADOS,1980,0
501,Vinho licoroso,DERIVADOS,1980,0
502,Brandy,DERIVADOS,1980,0
503,Destilado,DERIVADOS,1980,0
504,Bagaceira,DERIVADOS,1980,0
505,Licor de bagaceira,DERIVADOS,1980,0
506,Vinagre,DERIVADOS,1980,0
507,Borra líquida,DERIVADOS,1980,0
508,Borra seca,DERIVADOS,1980,0
509,Vinho Composto,DERIVADOS,1980,0
510,Pisco,DERIVADOS,1980,0
511,Vinho orgânico,DERIVADOS,1980,0
512,Espumante orgânico,DERIVADOS,1980,0
513,Destilado alcoólico simples de bagaceira ,DERIVADOS,1980,0
514,Vinho acidificado ,DERIVADOS,1980,0
515,Mosto parcialmente fermentado ,DERIVADOS,1980,0
516,Outros derivados,DERIVADOS,1980,0
517,Tinto,VINHO DE MESA,1981,134156175
518,Branco,VINHO DE MESA,1981,12547739
519,Rosado,VINHO DE MESA,1981,39425814
520,Tinto,VINHO FINO DE MESA (VINÍFERA),1981,16036963
521,Branco,VINHO FINO DE MESA (VINÍFERA),1981,27528276
522,Rosado,VINHO FINO DE MESA (VINÍFERA),1981,5782808
523,Suco de uva integral,SUCO,1981,0
524,Suco de uva concentrado,SUCO,1981,0
525,Suco de uva adoçado,SUCO,1981,0
526,Suco de uva orgânico,SUCO,1981,0
527,Suco de uva reconstituído,SUCO,1981,0
528,Espumante,DERIVADOS,1981,0
529,Espumante moscatel,DERIVADOS,1981,0
530,Base espumante,DERIVADOS,1981,0
531,Base espumante moscatel,DERIVADOS,1981,0
532,Base Champenoise champanha,DERIVADOS,1981,0
533,Base Charmat champanha,DERIVADOS,1981,0
534,Bebida de uva,DERIVADOS,1981,0
535,Polpa de uva,DERIVADOS,1981,0
536,Mosto simples,DERIVADOS,1981,48762185
537,Mosto concentrado,DERIVADOS,1981,0
538,Mosto de uva com bagaço,DERIVADOS,1981,0
539,Mosto dessulfitado,DERIVADOS,1981,0
540,Mistelas,DERIVADOS,1981,0
541,Néctar de uva,DERIVADOS,1981,0
542,Licorosos,DERIVADOS,1981,0
543,Compostos,DERIVADOS,1981,0
544,Jeropiga,DERIVADOS,1981,0
545,Filtrado,DERIVADOS,1981,0
546,Frisante,DERIVADOS,1981,0
547,Vinho leve,DERIVADOS,1981,0
548,Vinho licoroso,DERIVADOS,1981,0
549,Brandy,DERIVADOS,1981,0
550,Destilado,DERIVADOS,1981,0
551,Bagaceira,DERIVADOS,1981,0
552,Licor de bagaceira,DERIVADOS,1981,0
553,Vinagre,DERIVADOS,1981,0
554,Borra líquida,DERIVADOS,1981,3767852
555,Borra seca,DERIVADOS,1981,0
556,Vinho Composto,DERIVADOS,1981,0
557,Pisco,DERIVADOS,1981,0
558,Vinho orgânico,DERIVADOS,1981,0
559,Espumante orgânico,DERIVADOS,1981,0
560,Destilado alcoólico simples de bagaceira ,DERIVADOS,1981,0
561,Vinho acidificado ,DERIVADOS,1981,0
562,Mosto parcialmente fermentado ,DERIVADOS,1981,0
563,Outros derivados,DERIVADOS,1981,0
564,Tinto,VINHO DE MESA,1982,183349460
565,Branco,VINHO DE MESA,1982,15782499
566,Rosado,VINHO DE MESA,1982,35622605
567,Tinto,VINHO FINO DE MESA (VINÍFERA),1982,19987588
568,Branco,VINHO FINO DE MESA (VINÍFERA),1982,34423412
569,Rosado,VINHO FINO DE MESA (VINÍFERA),1982,3042581
570,Suco de uva integral,SUCO,1982,0
571,Suco de uva concentrado,SUCO,1982,0
572,Suco de uva adoçado,SUCO,1982,0
573,Suco de uva orgânico,SUCO,1982,0
574,Suco de uva reconstituído,SUCO,1982,0
575,Espumante,DERIVADOS,1982,0
576,Espumante moscatel,DERIVADOS,1982,0
577,Base espumante,DERIVADOS,1982,0
578,Base espumante moscatel,DERIVADOS,1982,0
579,Base Champenoise champanha,DERIVADOS,1982,0
580,Base Charmat champanha,DERIVADOS,1982,0
581,Bebida de uva,DERIVADOS,1982,0
582,Polpa de uva,DERIVADOS,1982,0
583,Mosto simples,DERIVADOS,1982,37506770
584,Mosto concentrado,DERIVADOS,1982,0
585,Mosto de uva com bagaço,DERIVADOS,1982,0
586,Mosto dessulfitado,DERIVADOS,1982,0
587,Mistelas,DERIVADOS,1982,0
588,Néctar de uva,DERIVADOS,1982,0
589,Licorosos,DERIVADOS,1982,0
590,Compostos,DERIVADOS,1982,0
591,Jeropiga,DERIVADOS,1982,0
592,Filtrado,DERIVADOS,1982,0
593,Frisante,DERIVADOS,1982,0
594,Vinho leve,DERIVADOS,1982,0
595,Vinho licoroso,DERIVADOS,1982,0
596,Brandy,DERIVADOS,1982,0
597,Destilado,DERIVADOS,1982,0
598,Bagaceira,DERIVADOS,1982,0
599,Licor de bagaceira,DERIVADOS,1982,0
600,Vinagre,DERIVADOS,1982,0
601,Borra líquida,DERIVADOS,1982,0
602,Borra seca,DERIVADOS,1982,0
603,Vinho Composto,DERIVADOS,1982,0
604,Pisco,DERIVADOS,1982,0
605,Vinho orgânico,DERIVADOS,1982,0
606,Espumante orgânico,DERIVADOS,1982,0
607,Destilado alcoólico simples de bagaceira ,DERIVADOS,1982,0
608,Vinho acidificado ,DERIVADOS,1982,0
609,Mosto parcialmente fermentado ,DERIVADOS,1982,0
610,Outros derivados,DERIVADOS,1982,0
611,Tinto,VINHO DE MESA,1983,87080528
612,Branco,VINHO DE MESA,1983,12191896
613,Rosado,VINHO DE MESA,1983,20989120
614,Tinto,VINHO FINO DE MESA (VINÍFERA),1983,14340514
615,Branco,VINHO FINO DE MESA (VINÍFERA),1983,24164361
616,Rosado,VINHO FINO DE MESA (VINÍFERA),1983,2111937
617,Suco de uva integral,SUCO,1983,0
618,Suco de uva concentrado,SUCO,1983,0
619,Suco de uva adoçado,SUCO,1983,0
620,Suco de uva orgânico,SUCO,1983,0
621,Suco de uva reconstituído,SUCO,1983,0
622,Espumante,DERIVADOS,1983,0
623,Espumante moscatel,DERIVADOS,1983,0
624,Base espumante,DERIVADOS,1983,0
625,Base espumante moscatel,DERIVADOS,1983,0
626,Base Champenoise champanha,DERIVADOS,1983,0
627,Base Charmat champanha,DERIVADOS,1983,0
628,Bebida de uva,DERIVADOS,1983,0
629,Polpa de uva,DERIVADOS,1983,0
630,Mosto simples,DERIVADOS,1983,27314628
631,Mosto concentrado,DERIVADOS,1983,0
632,Mosto de uva com bagaço,DERIVADOS,1983,0
633,Mosto dessulfitado,DERIVADOS,1983,0
634,Mistelas,DERIVADOS,1983,0
635,Néctar de uva,DERIVADOS,1983,0
636,Licorosos,DERIVADOS,1983,0
637,Compostos,DERIVADOS,1983,0
638,Jeropiga,DERIVADOS,1983,0
639,Filtrado,DERIVADOS,1983,0
640,Frisante,DERIVADOS,1983,0
641,Vinho leve,DERIVADOS,1983,0
642,Vinho licoroso,DERIVADOS,1983,0
643,Brandy,DERIVADOS,1983,0
644,Destilado,DERIVADOS,1983,0
645,Bagaceira,DERIVADOS,1983,0
646,Licor de bagaceira,DERIVADOS,1983,0
647,Vinagre,DERIVADOS,1983,0
648,Borra líquida,DERIVADOS,1983,0
649,Borra seca,DERIVADOS,1983,0
650,Vinho Composto,DERIVADOS,1983,0
651,Pisco,DERIVADOS,1983,0
652,Vinho orgânico,DERIVADOS,1983,0
653,Espumante orgânico,DERIVADOS,1983,0
654,Destilado alcoólico simples de bagaceira ,DERIVADOS,1983,0
655,Vinho acidificado ,DERIVADOS,1983,0
656,Mosto parcialmente fermentado ,DERIVADOS,1983,0
657,Outros derivados,DERIVADOS,1983,0
658,Tinto,VINHO DE MESA,1984,119615028
659,Branco,VINHO DE MESA,1984,19502230
660,Rosado,VINHO DE MESA,1984,38563073
661,Tinto,VINHO FINO DE MESA (VINÍFERA),1984,15777602
662,Branco,VINHO FINO DE MESA (VINÍFERA),1984,30395959
663,Rosado,VINHO FINO DE MESA (VINÍFERA),1984,2115718
664,Suco de uva integral,SUCO,1984,0
665,Suco de uva concentrado,SUCO,1984,0
666,Suco de uva adoçado,SUCO,1984,0
667,Suco de uva orgânico,SUCO,1984,0
668,Suco de uva reconstituído,SUCO,1984,0
669,Espumante,DERIVADOS,1984,0
670,Espumante moscatel,DERIVADOS,1984,0
671,Base espumante,DERIVADOS,1984,0
672,Base espumante moscatel,DERIVADOS,1984,0
673,Base Champenoise champanha,DERIVADOS,1984,0
674,Base Charmat champanha,DERIVADOS,1984,0
675,Bebida de uva,DERIVADOS,1984,0
676,Polpa de uva,DERIVADOS,1984,0
677,Mosto simples,DERIVADOS,1984,17331744
678,Mosto concentrado,DERIVADOS,1984,0
679,Mosto de uva com bagaço,DERIVADOS,1984,0
680,Mosto dessulfitado,DERIVADOS,1984,0
681,Mistelas,DERIVADOS,1984,0
682,Néctar de uva,DERIVADOS,1984,0
683,Licorosos,DERIVADOS,1984,0
684,Compostos,DERIVADOS,1984,0
685,Jeropiga,DERIVADOS,1984,0
686,Filtrado,DERIVADOS,1984,0
687,Frisante,DERIVADOS,1984,0
688,Vinho leve,DERIVADOS,1984,0
689,Vinho licoroso,DERIVADOS,1984,0
690,Brandy,DERIVADOS,1984,0
691,Destilado,DERIVADOS,1984,0
692,Bagaceira,DERIVADOS,1984,0
693,Licor de bagaceira,DERIVADOS,1984,0
694,Vinagre,DERIVADOS,1984,0
695,Borra líquida,DERIVADOS,1984,0
696,Borra seca,DERIVADOS,1984,0
697,Vinho Composto,DERIVADOS,1984,0
698,Pisco,DERIVADOS,1984,0
699,Vinho orgânico,DERIVADOS,1984,0
700,Espumante orgânico,DERIVADOS,1984,0
701,Destilado alcoólico simples de bagaceira ,DERIVADOS,1984,0
702,Vinho acidificado ,DERIVADOS,1984,0
703,Mosto parcialmente fermentado ,DERIVADOS,1984,0
704,Outros derivados,DERIVADOS,1984,0
705,Tinto,VINHO DE MESA,1985,216732390
706,Branco,VINHO DE MESA,1985,23010666
707,Rosado,VINHO DE MESA,1985,35595899
708,Tinto,VINHO FINO DE MESA (VINÍFERA),1985,19347979
709,Branco,VINHO FINO DE MESA (VINÍFERA),1985,44679484
710,Rosado,VINHO FINO DE MESA (VINÍFERA),1985,3007930
711,Suco de uva integral,SUCO,1985,3544706
712,Suco de uva concentrado,SUCO,1985,3086961
713,Suco de uva adoçado,SUCO,1985,0
714,Suco de uva orgânico,SUCO,1985,0
715,Suco de uva reconstituído,SUCO,1985,0
716,Espumante,DERIVADOS,1985,0
717,Espumante moscatel,DERIVADOS,1985,0
718,Base espumante,DERIVADOS,1985,0
719,Base espumante moscatel,DERIVADOS,1985,0
720,Base Champenoise champanha,DERIVADOS,1985,0
721,Base Charmat champanha,DERIVADOS,1985,0
722,Bebida de uva,DERIVADOS,1985,0
723,Polpa de uva,DERIVADOS,1985,0
724,Mosto simples,DERIVADOS,1985,10637557
725,Mosto concentrado,DERIVADOS,1985,354707
726,Mosto de uva com bagaço,DERIVADOS,1985,0
727,Mosto dessulfitado,DERIVADOS,1985,0
728,Mistelas,DERIVADOS,1985,0
729,Néctar de uva,DERIVADOS,1985,0
730,Licorosos,DERIVADOS,1985,0
731,Compostos,DERIVADOS,1985,0
732,Jeropiga,DERIVADOS,1985,234500
733,Filtrado,DERIVADOS,1985,0
734,Frisante,DERIVADOS,1985,0
735,Vinho leve,DERIVADOS,1985,0
736,Vinho licoroso,DERIVADOS,1985,0
737,Brandy,DERIVADOS,1985,13000
738,Destilado,DERIVADOS,1985,342650
739,Bagaceira,DERIVADOS,1985,299500
740,Licor de bagaceira,DERIVADOS,1985,0
741,Vinagre,DERIVADOS,1985,104707
742,Borra líquida,DERIVADOS,1985,5095798
743,Borra seca,DERIVADOS,1985,0
744,Vinho Composto,DERIVADOS,1985,0
745,Pisco,DERIVADOS,1985,0
746,Vinho orgânico,DERIVADOS,1985,254000
747,Espumante orgânico,DERIVADOS,1985,0
748,Destilado alcoólico simples de bagaceira ,DERIVADOS,1985,0
749,Vinho acidificado ,DERIVADOS,1985,0
750,Mosto parcialmente fermentado ,DERIVADOS,1985,0
751,Outros derivados,DERIVADOS,1985,0
752,Tinto,VINHO DE MESA,1986,118766694
753,Branco,VINHO DE MESA,1986,16872183
754,Rosado,VINHO DE MESA,1986,22072645
755,Tinto,VINHO FINO DE MESA (VINÍFERA),1986,12282967
756,Branco,VINHO FINO DE MESA (VINÍFERA),1986,34794145
757,Rosado,VINHO FINO DE MESA (VINÍFERA),1986,1482068
758,Suco de uva integral,SUCO,1986,2116507
759,Suco de uva concentrado,SUCO,1986,2197261
760,Suco de uva adoçado,SUCO,1986,0
761,Suco de uva orgânico,SUCO,1986,0
762,Suco de uva reconstituído,SUCO,1986,0
763,Espumante,DERIVADOS,1986,0
764,Espumante moscatel,DERIVADOS,1986,0
765,Base espumante,DERIVADOS,1986,0
766,Base espumante moscatel,DERIVADOS,1986,0
767,Base Champenoise champanha,DERIVADOS,1986,0
768,Base Charmat champanha,DERIVADOS,1986,0
769,Bebida de uva,DERIVADOS,1986,0
770,Polpa de uva,DERIVADOS,1986,0
771,Mosto simples,DERIVADOS,1986,7031320
772,Mosto concentrado,DERIVADOS,1986,295800
773,Mosto de uva com bagaço,DERIVADOS,1986,0
774,Mosto dessulfitado,DERIVADOS,1986,0
775,Mistelas,DERIVADOS,1986,378400
776,Néctar de uva,DERIVADOS,1986,0
777,Licorosos,DERIVADOS,1986,0
778,Compostos,DERIVADOS,1986,0
779,Jeropiga,DERIVADOS,1986,173000
780,Filtrado,DERIVADOS,1986,0
781,Frisante,DERIVADOS,1986,0
782,Vinho leve,DERIVADOS,1986,0
783,Vinho licoroso,DERIVADOS,1986,0
784,Brandy,DERIVADOS,1986,0
785,Destilado,DERIVADOS,1986,222230
786,Bagaceira,DERIVADOS,1986,156100
787,Licor de bagaceira,DERIVADOS,1986,0
788,Vinagre,DERIVADOS,1986,0
789,Borra líquida,DERIVADOS,1986,6357648
790,Borra seca,DERIVADOS,1986,0
791,Vinho Composto,DERIVADOS,1986,0
792,Pisco,DERIVADOS,1986,0
793,Vinho orgânico,DERIVADOS,1986,171147
794,Espumante orgânico,DERIVADOS,1986,0
795,Destilado alcoólico simples de bagaceira ,DERIVADOS,1986,0
796,Vinho acidificado ,DERIVADOS,1986,0
797,Mosto parcialmente fermentado ,DERIVADOS,1986,0
798,Outros derivados,DERIVADOS,1986,0
799,Tinto,VINHO DE MESA,1987,97841160
800,Branco,VINHO DE MESA,1987,27497857
801,Rosado,VINHO DE MESA,1987,25128167
802,Tinto,VINHO FINO DE MESA (VINÍFERA),1987,10920073
803,Branco,VINHO FINO DE MESA (VINÍFERA),1987,35432544
804,Rosado,VINHO FINO DE MESA (VINÍFERA),1987,948649
805,Suco de uva integral,SUCO,1987,2262240
806,Suco de uva concentrado,SUCO,1987,3206776
807,Suco de uva adoçado,SUCO,1987,0
808,Suco de uva orgânico,SUCO,1987,0
809,Suco de uva reconstituído,SUCO,1987,0
810,Espumante,DERIVADOS,1987,0
811,Espumante moscatel,DERIVADOS,1987,0
812,Base espumante,DERIVADOS,1987,0
813,Base espumante moscatel,DERIVADOS,1987,0
814,Base Champenoise champanha,DERIVADOS,1987,0
815,Base Charmat champanha,DERIVADOS,1987,0
816,Bebida de uva,DERIVADOS,1987,0
817,Polpa de uva,DERIVADOS,1987,0
818,Mosto simples,DERIVADOS,1987,7821040
819,Mosto concentrado,DERIVADOS,1987,400500
820,Mosto de uva com bagaço,DERIVADOS,1987,0
821,Mosto dessulfitado,DERIVADOS,1987,0
822,Mistelas,DERIVADOS,1987,402600
823,Néctar de uva,DERIVADOS,1987,0
824,Licorosos,DERIVADOS,1987,0
825,Compostos,DERIVADOS,1987,0
826,Jeropiga,DERIVADOS,1987,122000
827,Filtrado,DERIVADOS,1987,0
828,Frisante,DERIVADOS,1987,0
829,Vinho leve,DERIVADOS,1987,0
830,Vinho licoroso,DERIVADOS,1987,0
831,Brandy,DERIVADOS,1987,0
832,Destilado,DERIVADOS,1987,472576
833,Bagaceira,DERIVADOS,1987,325600
834,Licor de bagaceira,DERIVADOS,1987,0
835,Vinagre,DERIVADOS,1987,0
836,Borra líquida,DERIVADOS,1987,5142446
837,Borra seca,DERIVADOS,1987,0
838,Vinho Composto,DERIVADOS,1987,0
839,Pisco,DERIVADOS,1987,0
840,Vinho orgânico,DERIVADOS,1987,219100
841,Espumante orgânico,DERIVADOS,1987,0
842,Destilado alcoólico simples de bagaceira ,DERIVADOS,1987,0
843,Vinho acidificado ,DERIVADOS,1987,0
844,Mosto parcialmente fermentado ,DERIVADOS,1987,0
845,Outros derivados,DERIVADOS,1987,0
846,Tinto,VINHO DE MESA,1988,173747942
847,Branco,VINHO DE MESA,1988,32660045
848,Rosado,VINHO DE MESA,1988,38383071
849,Tinto,VINHO FINO DE MESA (VINÍFERA),1988,18690518
850,Branco,VINHO FINO DE MESA (VINÍFERA),1988,56441847
851,Rosado,VINHO FINO DE MESA (VINÍFERA),1988,1428400
852,Suco de uva integral,SUCO,1988,2018000
853,Suco de uva concentrado,SUCO,1988,5568870
854,Suco de uva adoçado,SUCO,1988,0
855,Suco de uva orgânico,SUCO,1988,0
856,Suco de uva reconstituído,SUCO,1988,0
857,Espumante,DERIVADOS,1988,76000
858,Espumante moscatel,DERIVADOS,1988,0
859,Base espumante,DERIVADOS,1988,0
860,Base espumante moscatel,DERIVADOS,1988,0
861,Base Champenoise champanha,DERIVADOS,1988,0
862,Base Charmat champanha,DERIVADOS,1988,0
863,Bebida de uva,DERIVADOS,1988,0
864,Polpa de uva,DERIVADOS,1988,0
865,Mosto simples,DERIVADOS,1988,16544460
866,Mosto concentrado,DERIVADOS,1988,384200
867,Mosto de uva com bagaço,DERIVADOS,1988,0
868,Mosto dessulfitado,DERIVADOS,1988,0
869,Mistelas,DERIVADOS,1988,196000
870,Néctar de uva,DERIVADOS,1988,0
871,Licorosos,DERIVADOS,1988,3000
872,Compostos,DERIVADOS,1988,2000
873,Jeropiga,DERIVADOS,1988,61000
874,Filtrado,DERIVADOS,1988,88000
875,Frisante,DERIVADOS,1988,0
876,Vinho leve,DERIVADOS,1988,0
877,Vinho licoroso,DERIVADOS,1988,0
878,Brandy,DERIVADOS,1988,5216
879,Destilado,DERIVADOS,1988,287220
880,Bagaceira,DERIVADOS,1988,29000
881,Licor de bagaceira,DERIVADOS,1988,0
882,Vinagre,DERIVADOS,1988,0
883,Borra líquida,DERIVADOS,1988,1953488
884,Borra seca,DERIVADOS,1988,0
885,Vinho Composto,DERIVADOS,1988,0
886,Pisco,DERIVADOS,1988,0
887,Vinho orgânico,DERIVADOS,1988,15000
888,Espumante orgânico,DERIVADOS,1988,0
889,Destilado alcoólico simples de bagaceira ,DERIVADOS,1988,0
890,Vinho acidificado ,DERIVADOS,1988,0
891,Mosto parcialmente fermentado ,DERIVADOS,1988,0
892,Outros derivados,DERIVADOS,1988,0
893,Tinto,VINHO DE MESA,1989,136931173
894,Branco,VINHO DE MESA,1989,24603265
895,Rosado,VINHO DE MESA,1989,20267523
896,Tinto,VINHO FINO DE MESA (VINÍFERA),1989,16140751
897,Branco,VINHO FINO DE MESA (VINÍFERA),1989,54983093
898,Rosado,VINHO FINO DE MESA (VINÍFERA),1989,1648300
899,Suco de uva integral,SUCO,1989,2824600
900,Suco de uva concentrado,SUCO,1989,4098583
901,Suco de uva adoçado,SUCO,1989,0
902,Suco de uva orgânico,SUCO,1989,0
903,Suco de uva reconstituído,SUCO,1989,0
904,Espumante,DERIVADOS,1989,0
905,Espumante moscatel,DERIVADOS,1989,0
906,Base espumante,DERIVADOS,1989,0
907,Base espumante moscatel,DERIVADOS,1989,0
908,Base Champenoise champanha,DERIVADOS,1989,0
909,Base Charmat champanha,DERIVADOS,1989,0
910,Bebida de uva,DERIVADOS,1989,0
911,Polpa de uva,DERIVADOS,1989,0
912,Mosto simples,DERIVADOS,1989,8141100
913,Mosto concentrado,DERIVADOS,1989,732470
914,Mosto de uva com bagaço,DERIVADOS,1989,0
915,Mosto dessulfitado,DERIVADOS,1989,0
916,Mistelas,DERIVADOS,1989,32000
917,Néctar de uva,DERIVADOS,1989,0
918,Licorosos,DERIVADOS,1989,20000
919,Compostos,DERIVADOS,1989,1900
920,Jeropiga,DERIVADOS,1989,42000
921,Filtrado,DERIVADOS,1989,39000
922,Frisante,DERIVADOS,1989,0
923,Vinho leve,DERIVADOS,1989,249000
924,Vinho licoroso,DERIVADOS,1989,0
925,Brandy,DERIVADOS,1989,6500
926,Destilado,DERIVADOS,1989,176800
927,Bagaceira,DERIVADOS,1989,52000
928,Licor de bagaceira,DERIVADOS,1989,0
929,Vinagre,DERIVADOS,1989,0
930,Borra líquida,DERIVADOS,1989,2426804
931,Borra seca,DERIVADOS,1989,0
932,Vinho Composto,DERIVADOS,1989,0
933,Pisco,DERIVADOS,1989,0
934,Vinho orgânico,DERIVADOS,1989,85000
935,Espumante orgânico,DERIVADOS,1989,0
936,Destilado alcoólico simples de bagaceira ,DERIVADOS,1989,0
937,Vinho acidificado ,DERIVADOS,1989,0
938,Mosto parcialmente fermentado ,DERIVADOS,1989,0
939,Outros derivados,DERIVADOS,1989,0
940,Tinto,VINHO DE MESA,1990,154359897
941,Branco,VINHO DE MESA,1990,33512030
942,Rosado,VINHO DE MESA,1990,22676272
943,Tinto,VINHO FINO DE MESA (VINÍFERA),1990,17750504
944,Branco,VINHO FINO DE MESA (VINÍFERA),1990,52080420
945,Rosado,VINHO FINO DE MESA (VINÍFERA),1990,3858200
946,Suco de uva integral,SUCO,1990,2848560
947,Suco de uva concentrado,SUCO,1990,7574692
948,Suco de uva adoçado,SUCO,1990,0
949,Suco de uva orgânico,SUCO,1990,0
950,Suco de uva reconstituído,SUCO,1990,0
951,Espumante,DERIVADOS,1990,0
952,Espumante moscatel,DERIVADOS,1990,0
953,Base espumante,DERIVADOS,1990,0
954,Base espumante moscatel,DERIVADOS,1990,0
955,Base Champenoise champanha,DERIVADOS,1990,0
956,Base Charmat champanha,DERIVADOS,1990,0
957,Bebida de uva,DERIVADOS,1990,0
958,Polpa de uva,DERIVADOS,1990,0
959,Mosto simples,DERIVADOS,1990,13307690
960,Mosto concentrado,DERIVADOS,1990,1098250
961,Mosto de uva com bagaço,DERIVADOS,1990,0
962,Mosto dessulfitado,DERIVADOS,1990,0
963,Mistelas,DERIVADOS,1990,149000
964,Néctar de uva,DERIVADOS,1990,0
965,Licorosos,DERIVADOS,1990,24300
966,Compostos,DERIVADOS,1990,0
967,Jeropiga,DERIVADOS,1990,0
968,Filtrado,DERIVADOS,1990,11000
969,Frisante,DERIVADOS,1990,0
970,Vinho leve,DERIVADOS,1990,264000
971,Vinho licoroso,DERIVADOS,1990,0
972,Brandy,DERIVADOS,1990,0
973,Destilado,DERIVADOS,1990,0
974,Bagaceira,DERIVADOS,1990,55000
975,Licor de bagaceira,DERIVADOS,1990,0
976,Vinagre,DERIVADOS,1990,0
977,Borra líquida,DERIVADOS,1990,1282381
978,Borra seca,DERIVADOS,1990,0
979,Vinho Composto,DERIVADOS,1990,0
980,Pisco,DERIVADOS,1990,0
981,Vinho orgânico,DERIVADOS,1990,0
982,Espumante orgânico,DERIVADOS,1990,0
983,Destilado alcoólico simples de bagaceira ,DERIVADOS,1990,0
984,Vinho acidificado ,DERIVADOS,1990,0
985,Mosto parcialmente fermentado ,DERIVADOS,1990,0
986,Outros derivados,DERIVADOS,1990,0
987,Tinto,VINHO DE MESA,1991,90320836
988,Branco,VINHO DE MESA,1991,25046588
989,Rosado,VINHO DE MESA,1991,11400830
990,Tinto,VINHO FINO DE MESA (VINÍFERA),1991,12001895
991,Branco,VINHO FINO DE MESA (VINÍFERA),1991,33307472
992,Rosado,VINHO FINO DE MESA (VINÍFERA),1991,209800
993,Suco de uva integral,SUCO,1991,3609000
994,Suco de uva concentrado,SUCO,1991,7715462
995,Suco de uva adoçado,SUCO,1991,0
996,Suco de uva orgânico,SUCO,1991,0
997,Suco de uva reconstituído,SUCO,1991,0
998,Espumante,DERIVADOS,1991,0
999,Espumante moscatel,DERIVADOS,1991,0
1000,Base espumante,DERIVADOS,1991,0
1001,Base espumante moscatel,DERIVADOS,1991,0
1002,Base Champenoise champanha,DERIVADOS,1991,0
1003,Base Charmat champanha,DERIVADOS,1991,0
1004,Bebida de uva,DERIVADOS,1991,0
1005,Polpa de uva,DERIVADOS,1991,0
1006,Mosto simples,DERIVADOS,1991,17407568
1007,Mosto concentrado,DERIVADOS,1991,921400
1008,Mosto de uva com bagaço,DERIVADOS,1991,0
1009,Mosto dessulfitado,DERIVADOS,1991,0
1010,Mistelas,DERIVADOS,1991,0
1011,Néctar de uva,DERIVADOS,1991,0
1012,Licorosos,DERIVADOS,1991,11500
1013,Compostos,DERIVADOS,1991,0
1014,Jeropiga,DERIVADOS,1991,0
1015,Filtrado,DERIVADOS,1991,18000
1016,Frisante,DERIVADOS,1991,0
1017,Vinho leve,DERIVADOS,1991,192800
1018,Vinho licoroso,DERIVADOS,1991,0
1019,Brandy,DERIVADOS,1991,0
1020,Destilado,DERIVADOS,1991,0
1021,Bagaceira,DERIVADOS,1991,15000
1022,Licor de bagaceira,DERIVADOS,1991,0
1023,Vinagre,DERIVADOS,1991,0
1024,Borra líquida,DERIVADOS,1991,1649130
1025,Borra seca,DERIVADOS,1991,0
1026,Vinho Composto,DERIVADOS,1991,0
1027,Pisco,DERIVADOS,1991,0
1028,Vinho orgânico,DERIVADOS,1991,137000
1029,Espumante orgânico,DERIVADOS,1991,0
1030,Destilado alcoólico simples de bagaceira ,DERIVADOS,1991,0
1031,Vinho acidificado ,DERIVADOS,1991,0
1032,Mosto parcialmente fermentado ,DERIVADOS,1991,0
1033,Outros derivados,DERIVADOS,1991,0
1034,Tinto,VINHO DE MESA,1992,118638894
1035,Branco,VINHO DE MESA,1992,25446255
1036,Rosado,VINHO DE MESA,1992,19163270
1037,Tinto,VINHO FINO DE MESA (VINÍFERA),1992,13449911
1038,Branco,VINHO FINO DE MESA (VINÍFERA),1992,38856367
1039,Rosado,VINHO FINO DE MESA (VINÍFERA),1992,306500
1040,Suco de uva integral,SUCO,1992,4033698
1041,Suco de uva concentrado,SUCO,1992,6763926
1042,Suco de uva adoçado,SUCO,1992,0
1043,Suco de uva orgânico,SUCO,1992,0
1044,Suco de uva reconstituído,SUCO,1992,0
1045,Espumante,DERIVADOS,1992,11000
1046,Espumante moscatel,DERIVADOS,1992,0
1047,Base espumante,DERIVADOS,1992,0
1048,Base espumante moscatel,DERIVADOS,1992,0
1049,Base Champenoise champanha,DERIVADOS,1992,0
1050,Base Charmat champanha,DERIVADOS,1992,0
1051,Bebida de uva,DERIVADOS,1992,0
1052,Polpa de uva,DERIVADOS,1992,0
1053,Mosto simples,DERIVADOS,1992,27491540
1054,Mosto concentrado,DERIVADOS,1992,288900
1055,Mosto de uva com bagaço,DERIVADOS,1992,0
1056,Mosto dessulfitado,DERIVADOS,1992,0
1057,Mistelas,DERIVADOS,1992,0
1058,Néctar de uva,DERIVADOS,1992,0
1059,Licorosos,DERIVADOS,1992,7800
1060,Compostos,DERIVADOS,1992,0
1061,Jeropiga,DERIVADOS,1992,60000
1062,Filtrado,DERIVADOS,1992,11000
1063,Frisante,DERIVADOS,1992,0
1064,Vinho leve,DERIVADOS,1992,144500
1065,Vinho licoroso,DERIVADOS,1992,0
1066,Brandy,DERIVADOS,1992,0
1067,Destilado,DERIVADOS,1992,0
1068,Bagaceira,DERIVADOS,1992,10000
1069,Licor de bagaceira,DERIVADOS,1992,0
1070,Vinagre,DERIVADOS,1992,45000
1071,Borra líquida,DERIVADOS,1992,1400200
1072,Borra seca,DERIVADOS,1992,0
1073,Vinho Composto,DERIVADOS,1992,0
1074,Pisco,DERIVADOS,1992,0
1075,Vinho orgânico,DERIVADOS,1992,0
1076,Espumante orgânico,DERIVADOS,1992,0
1077,Destilado alcoólico simples de bagaceira ,DERIVADOS,1992,0
1078,Vinho acidificado ,DERIVADOS,1992,0
1079,Mosto parcialmente fermentado ,DERIVADOS,1992,0
1080,Outros derivados,DERIVADOS,1992,0
1081,Tinto,VINHO DE MESA,1993,125172218
1082,Branco,VINHO DE MESA,1993,31986075
1083,Rosado,VINHO DE MESA,1993,14596702
1084,Tinto,VINHO FINO DE MESA (VINÍFERA),1993,12119485
1085,Branco,VINHO FINO DE MESA (VINÍFERA),1993,40415898
1086,Rosado,VINHO FINO DE MESA (VINÍFERA),1993,518842
1087,Suco de uva integral,SUCO,1993,3800800
1088,Suco de uva concentrado,SUCO,1993,8230953
1089,Suco de uva adoçado,SUCO,1993,0
1090,Suco de uva orgânico,SUCO,1993,0
1091,Suco de uva reconstituído,SUCO,1993,0
1092,Espumante,DERIVADOS,1993,0
1093,Espumante moscatel,DERIVADOS,1993,0
1094,Base espumante,DERIVADOS,1993,0
1095,Base espumante moscatel,DERIVADOS,1993,0
1096,Base Champenoise champanha,DERIVADOS,1993,0
1097,Base Charmat champanha,DERIVADOS,1993,0
1098,Bebida de uva,DERIVADOS,1993,0
1099,Polpa de uva,DERIVADOS,1993,0
1100,Mosto simples,DERIVADOS,1993,17218000
1101,Mosto concentrado,DERIVADOS,1993,355100
1102,Mosto de uva com bagaço,DERIVADOS,1993,0
1103,Mosto dessulfitado,DERIVADOS,1993,0
1104,Mistelas,DERIVADOS,1993,0
1105,Néctar de uva,DERIVADOS,1993,0
1106,Licorosos,DERIVADOS,1993,0
1107,Compostos,DERIVADOS,1993,0
1108,Jeropiga,DERIVADOS,1993,0
1109,Filtrado,DERIVADOS,1993,0
1110,Frisante,DERIVADOS,1993,0
1111,Vinho leve,DERIVADOS,1993,0
1112,Vinho licoroso,DERIVADOS,1993,0
1113,Brandy,DERIVADOS,1993,0
1114,Destilado,DERIVADOS,1993,0
1115,Bagaceira,DERIVADOS,1993,0
1116,Licor de bagaceira,DERIVADOS,1993,0
1117,Vinagre,DERIVADOS,1993,0
1118,Borra líquida,DERIVADOS,1993,0
1119,Borra seca,DERIVADOS,1993,0
1120,Vinho Composto,DERIVADOS,1993,0
1121,Pisco,DERIVADOS,1993,0
1122,Vinho orgânico,DERIVADOS,1993,0
1123,Espumante orgânico,DERIVADOS,1993,0
1124,Destilado alcoólico simples de bagaceira ,DERIVADOS,1993,0
1125,Vinho acidificado ,DERIVADOS,1993,0
1126,Mosto parcialmente fermentado ,DERIVADOS,1993,0
1127,Outros derivados,DERIVADOS,1993,0
1128,Tinto,VINHO DE MESA,1994,161479717
1129,Branco,VINHO DE MESA,1994,28291853
1130,Rosado,VINHO DE MESA,1994,12301693
1131,Tinto,VINHO FINO DE MESA (VINÍFERA),1994,15646861
1132,Branco,VINHO FINO DE MESA (VINÍFERA),1994,42419680
1133,Rosado,VINHO FINO DE MESA (VINÍFERA),1994,667200
1134,Suco de uva integral,SUCO,1994,3884000
1135,Suco de uva concentrado,SUCO,1994,9459721
1136,Suco de uva adoçado,SUCO,1994,0
1137,Suco de uva orgânico,SUCO,1994,0
1138,Suco de uva reconstituído,SUCO,1994,0
1139,Espumante,DERIVADOS,1994,0
1140,Espumante moscatel,DERIVADOS,1994,0
1141,Base espumante,DERIVADOS,1994,0
1142,Base espumante moscatel,DERIVADOS,1994,0
1143,Base Champenoise champanha,DERIVADOS,1994,0
1144,Base Charmat champanha,DERIVADOS,1994,0
1145,Bebida de uva,DERIVADOS,1994,0
1146,Polpa de uva,DERIVADOS,1994,0
1147,Mosto simples,DERIVADOS,1994,10972700
1148,Mosto concentrado,DERIVADOS,1994,335500
1149,Mosto de uva com bagaço,DERIVADOS,1994,0
1150,Mosto dessulfitado,DERIVADOS,1994,0
1151,Mistelas,DERIVADOS,1994,0
1152,Néctar de uva,DERIVADOS,1994,0
1153,Licorosos,DERIVADOS,1994,0
1154,Compostos,DERIVADOS,1994,0
1155,Jeropiga,DERIVADOS,1994,0
1156,Filtrado,DERIVADOS,1994,0
1157,Frisante,DERIVADOS,1994,0
1158,Vinho leve,DERIVADOS,1994,0
1159,Vinho licoroso,DERIVADOS,1994,0
1160,Brandy,DERIVADOS,1994,0
1161,Destilado,DERIVADOS,1994,0
1162,Bagaceira,DERIVADOS,1994,0
1163,Licor de bagaceira,DERIVADOS,1994,0
1164,Vinagre,DERIVADOS,1994,0
1165,Borra líquida,DERIVADOS,1994,0
1166,Borra seca,DERIVADOS,1994,0
1167,Vinho Composto,DERIVADOS,1994,0
1168,Pisco,DERIVADOS,1994,0
1169,Vinho orgânico,DERIVADOS,1994,4745442
1170,Espumante orgânico,DERIVADOS,1994,0
1171,Destilado alcoólico simples de bagaceira ,DERIVADOS,1994,0
1172,Vinho acidificado ,DERIVADOS,1994,0
1173,Mosto parcialmente fermentado ,DERIVADOS,1994,0
1174,Outros derivados,DERIVADOS,1994,0
1175,Tinto,VINHO DE MESA,1995,167174017
1176,Branco,VINHO DE MESA,1995,15472732
1177,Rosado,VINHO DE MESA,1995,32141555
1178,Tinto,VINHO FINO DE MESA (VINÍFERA),1995,11924291
1179,Branco,VINHO FINO DE MESA (VINÍFERA),1995,34209738
1180,Rosado,VINHO FINO DE MESA (VINÍFERA),1995,992200
1181,Suco de uva integral,SUCO,1995,4123776
1182,Suco de uva concentrado,SUCO,1995,8770183
1183,Suco de uva adoçado,SUCO,1995,0
1184,Suco de uva orgânico,SUCO,1995,0
1185,Suco de uva reconstituído,SUCO,1995,0
1186,Espumante,DERIVADOS,1995,0
1187,Espumante moscatel,DERIVADOS,1995,0
1188,Base espumante,DERIVADOS,1995,0
1189,Base espumante moscatel,DERIVADOS,1995,0
1190,Base Champenoise champanha,DERIVADOS,1995,0
1191,Base Charmat champanha,DERIVADOS,1995,0
1192,Bebida de uva,DERIVADOS,1995,0
1193,Polpa de uva,DERIVADOS,1995,0
1194,Mosto simples,DERIVADOS,1995,20917600
1195,Mosto concentrado,DERIVADOS,1995,265000
1196,Mosto de uva com bagaço,DERIVADOS,1995,0
1197,Mosto dessulfitado,DERIVADOS,1995,0
1198,Mistelas,DERIVADOS,1995,0
1199,Néctar de uva,DERIVADOS,1995,0
1200,Licorosos,DERIVADOS,1995,0
1201,Compostos,DERIVADOS,1995,0
1202,Jeropiga,DERIVADOS,1995,0
1203,Filtrado,DERIVADOS,1995,0
1204,Frisante,DERIVADOS,1995,0
1205,Vinho leve,DERIVADOS,1995,0
1206,Vinho licoroso,DERIVADOS,1995,0
1207,Brandy,DERIVADOS,1995,0
1208,Destilado,DERIVADOS,1995,0
1209,Bagaceira,DERIVADOS,1995,0
1210,Licor de bagaceira,DERIVADOS,1995,0
1211,Vinagre,DERIVADOS,1995,0
1212,Borra líquida,DERIVADOS,1995,0
1213,Borra seca,DERIVADOS,1995,0
1214,Vinho Composto,DERIVADOS,1995,0
1215,Pisco,DERIVADOS,1995,0
1216,Vinho orgânico,DERIVADOS,1995,2454500
1217,Espumante orgânico,DERIVADOS,1995,0
1218,Destilado alcoólico simples de bagaceira ,DERIVADOS,1995,0
1219,Vinho acidificado ,DERIVADOS,1995,0
1220,Mosto parcialmente fermentado ,DERIVADOS,1995,0
1221,Outros derivados,DERIVADOS,1995,0
1222,Tinto,VINHO DE MESA,1996,115896909
1223,Branco,VINHO DE MESA,1996,24073622
1224,Rosado,VINHO DE MESA,1996,12947240
1225,Tinto,VINHO FINO DE MESA (VINÍFERA),1996,12819866
1226,Branco,VINHO FINO DE MESA (VINÍFERA),1996,31893892
1227,Rosado,VINHO FINO DE MESA (VINÍFERA),1996,611300
1228,Suco de uva integral,SUCO,1996,2407900
1229,Suco de uva concentrado,SUCO,1996,6782000
1230,Suco de uva adoçado,SUCO,1996,0
1231,Suco de uva orgânico,SUCO,1996,0
1232,Suco de uva reconstituído,SUCO,1996,0
1233,Espumante,DERIVADOS,1996,0
1234,Espumante moscatel,DERIVADOS,1996,0
1235,Base espumante,DERIVADOS,1996,0
1236,Base espumante moscatel,DERIVADOS,1996,0
1237,Base Champenoise champanha,DERIVADOS,1996,0
1238,Base Charmat champanha,DERIVADOS,1996,0
1239,Bebida de uva,DERIVADOS,1996,0
1240,Polpa de uva,DERIVADOS,1996,0
1241,Mosto simples,DERIVADOS,1996,12111372
1242,Mosto concentrado,DERIVADOS,1996,292000
1243,Mosto de uva com bagaço,DERIVADOS,1996,0
1244,Mosto dessulfitado,DERIVADOS,1996,0
1245,Mistelas,DERIVADOS,1996,0
1246,Néctar de uva,DERIVADOS,1996,0
1247,Licorosos,DERIVADOS,1996,0
1248,Compostos,DERIVADOS,1996,0
1249,Jeropiga,DERIVADOS,1996,0
1250,Filtrado,DERIVADOS,1996,0
1251,Frisante,DERIVADOS,1996,0
1252,Vinho leve,DERIVADOS,1996,0
1253,Vinho licoroso,DERIVADOS,1996,0
1254,Brandy,DERIVADOS,1996,0
1255,Destilado,DERIVADOS,1996,0
1256,Bagaceira,DERIVADOS,1996,0
1257,Licor de bagaceira,DERIVADOS,1996,0
1258,Vinagre,DERIVADOS,1996,0
1259,Borra líquida,DERIVADOS,1996,0
1260,Borra seca,DERIVADOS,1996,0
1261,Vinho Composto,DERIVADOS,1996,0
1262,Pisco,DERIVADOS,1996,0
1263,Vinho orgânico,DERIVADOS,1996,351426
1264,Espumante orgânico,DERIVADOS,1996,0
1265,Destilado alcoólico simples de bagaceira ,DERIVADOS,1996,0
1266,Vinho acidificado ,DERIVADOS,1996,0
1267,Mosto parcialmente fermentado ,DERIVADOS,1996,0
1268,Outros derivados,DERIVADOS,1996,0
1269,Tinto,VINHO DE MESA,1997,116458841
1270,Branco,VINHO DE MESA,1997,41842945
1271,Rosado,VINHO DE MESA,1997,24514261
1272,Tinto,VINHO FINO DE MESA (VINÍFERA),1997,12590647
1273,Branco,VINHO FINO DE MESA (VINÍFERA),1997,33792167
1274,Rosado,VINHO FINO DE MESA (VINÍFERA),1997,605600
1275,Suco de uva integral,SUCO,1997,2884969
1276,Suco de uva concentrado,SUCO,1997,10524045
1277,Suco de uva adoçado,SUCO,1997,0
1278,Suco de uva orgânico,SUCO,1997,0
1279,Suco de uva reconstituído,SUCO,1997,0
1280,Espumante,DERIVADOS,1997,0
1281,Espumante moscatel,DERIVADOS,1997,0
1282,Base espumante,DERIVADOS,1997,0
1283,Base espumante moscatel,DERIVADOS,1997,0
1284,Base Champenoise champanha,DERIVADOS,1997,0
1285,Base Charmat champanha,DERIVADOS,1997,0
1286,Bebida de uva,DERIVADOS,1997,0
1287,Polpa de uva,DERIVADOS,1997,0
1288,Mosto simples,DERIVADOS,1997,19066000
1289,Mosto concentrado,DERIVADOS,1997,490000
1290,Mosto de uva com bagaço,DERIVADOS,1997,0
1291,Mosto dessulfitado,DERIVADOS,1997,0
1292,Mistelas,DERIVADOS,1997,0
1293,Néctar de uva,DERIVADOS,1997,0
1294,Licorosos,DERIVADOS,1997,0
1295,Compostos,DERIVADOS,1997,0
1296,Jeropiga,DERIVADOS,1997,0
1297,Filtrado,DERIVADOS,1997,0
1298,Frisante,DERIVADOS,1997,0
1299,Vinho leve,DERIVADOS,1997,0
1300,Vinho licoroso,DERIVADOS,1997,0
1301,Brandy,DERIVADOS,1997,0
1302,Destilado,DERIVADOS,1997,0
1303,Bagaceira,DERIVADOS,1997,0
1304,Licor de bagaceira,DERIVADOS,1997,0
1305,Vinagre,DERIVADOS,1997,0
1306,Borra líquida,DERIVADOS,1997,0
1307,Borra seca,DERIVADOS,1997,0
1308,Vinho Composto,DERIVADOS,1997,0
1309,Pisco,DERIVADOS,1997,0
1310,Vinho orgânico,DERIVADOS,1997,4997317
1311,Espumante orgânico,DERIVADOS,1997,0
1312,Destilado alcoólico simples de bagaceira ,DERIVADOS,1997,0
1313,Vinho acidificado ,DERIVADOS,1997,0
1314,Mosto parcialmente fermentado ,DERIVADOS,1997,0
1315,Outros derivados,DERIVADOS,1997,0
1316,Tinto,VINHO DE MESA,1998,102127865
1317,Branco,VINHO DE MESA,1998,32140249
1318,Rosado,VINHO DE MESA,1998,16546829
1319,Tinto,VINHO FINO DE MESA (VINÍFERA),1998,8716140
1320,Branco,VINHO FINO DE MESA (VINÍFERA),1998,24384090
1321,Rosado,VINHO FINO DE MESA (VINÍFERA),1998,798400
1322,Suco de uva integral,SUCO,1998,3904186
1323,Suco de uva concentrado,SUCO,1998,10000000
1324,Suco de uva adoçado,SUCO,1998,0
1325,Suco de uva orgânico,SUCO,1998,0
1326,Suco de uva reconstituído,SUCO,1998,0
1327,Espumante,DERIVADOS,1998,0
1328,Espumante moscatel,DERIVADOS,1998,0
1329,Base espumante,DERIVADOS,1998,0
1330,Base espumante moscatel,DERIVADOS,1998,0
1331,Base Champenoise champanha,DERIVADOS,1998,0
1332,Base Charmat champanha,DERIVADOS,1998,0
1333,Bebida de uva,DERIVADOS,1998,0
1334,Polpa de uva,DERIVADOS,1998,0
1335,Mosto simples,DERIVADOS,1998,11046570
1336,Mosto concentrado,DERIVADOS,1998,381000
1337,Mosto de uva com bagaço,DERIVADOS,1998,0
1338,Mosto dessulfitado,DERIVADOS,1998,0
1339,Mistelas,DERIVADOS,1998,0
1340,Néctar de uva,DERIVADOS,1998,0
1341,Licorosos,DERIVADOS,1998,0
1342,Compostos,DERIVADOS,1998,0
1343,Jeropiga,DERIVADOS,1998,0
1344,Filtrado,DERIVADOS,1998,0
1345,Frisante,DERIVADOS,1998,0
1346,Vinho leve,DERIVADOS,1998,0
1347,Vinho licoroso,DERIVADOS,1998,0
1348,Brandy,DERIVADOS,1998,0
1349,Destilado,DERIVADOS,1998,0
1350,Bagaceira,DERIVADOS,1998,0
1351,Licor de bagaceira,DERIVADOS,1998,0
1352,Vinagre,DERIVADOS,1998,0
1353,Borra líquida,DERIVADOS,1998,0
1354,Borra seca,DERIVADOS,1998,0
1355,Vinho Composto,DERIVADOS,1998,0
1356,Pisco,DERIVADOS,1998,0
1357,Vinho orgânico,DERIVADOS,1998,3265781
1358,Espumante orgânico,DERIVADOS,1998,0
1359,Destilado alcoólico simples de bagaceira ,DERIVADOS,1998,0
1360,Vinho acidificado ,DERIVADOS,1998,0
1361,Mosto parcialmente fermentado ,DERIVADOS,1998,0
1362,Outros derivados,DERIVADOS,1998,0
1363,Tinto,VINHO DE MESA,1999,168149414
1364,Branco,VINHO DE MESA,1999,42528150
1365,Rosado,VINHO DE MESA,1999,15843212
1366,Tinto,VINHO FINO DE MESA (VINÍFERA),1999,14640657
1367,Branco,VINHO FINO DE MESA (VINÍFERA),1999,30674840
1368,Rosado,VINHO FINO DE MESA (VINÍFERA),1999,515000
1369,Suco de uva integral,SUCO,1999,4132303
1370,Suco de uva concentrado,SUCO,1999,11400000
1371,Suco de uva adoçado,SUCO,1999,0
1372,Suco de uva orgânico,SUCO,1999,0
1373,Suco de uva reconstituído,SUCO,1999,0
1374,Espumante,DERIVADOS,1999,6900
1375,Espumante moscatel,DERIVADOS,1999,0
1376,Base espumante,DERIVADOS,1999,0
1377,Base espumante moscatel,DERIVADOS,1999,0
1378,Base Champenoise champanha,DERIVADOS,1999,0
1379,Base Charmat champanha,DERIVADOS,1999,0
1380,Bebida de uva,DERIVADOS,1999,0
1381,Polpa de uva,DERIVADOS,1999,0
1382,Mosto simples,DERIVADOS,1999,14359734
1383,Mosto concentrado,DERIVADOS,1999,411354
1384,Mosto de uva com bagaço,DERIVADOS,1999,0
1385,Mosto dessulfitado,DERIVADOS,1999,0
1386,Mistelas,DERIVADOS,1999,0
1387,Néctar de uva,DERIVADOS,1999,0
1388,Licorosos,DERIVADOS,1999,44740
1389,Compostos,DERIVADOS,1999,0
1390,Jeropiga,DERIVADOS,1999,0
1391,Filtrado,DERIVADOS,1999,0
1392,Frisante,DERIVADOS,1999,0
1393,Vinho leve,DERIVADOS,1999,0
1394,Vinho licoroso,DERIVADOS,1999,0
1395,Brandy,DERIVADOS,1999,0
1396,Destilado,DERIVADOS,1999,7350
1397,Bagaceira,DERIVADOS,1999,0
1398,Licor de bagaceira,DERIVADOS,1999,0
1399,Vinagre,DERIVADOS,1999,0
1400,Borra líquida,DERIVADOS,1999,0
1401,Borra seca,DERIVADOS,1999,0
1402,Vinho Composto,DERIVADOS,1999,0
1403,Pisco,DERIVADOS,1999,0
1404,Vinho orgânico,DERIVADOS,1999,8592228
1405,Espumante orgânico,DERIVADOS,1999,0
1406,Destilado alcoólico simples de bagaceira ,DERIVADOS,1999,0
1407,Vinho acidificado ,DERIVADOS,1999,0
1408,Mosto parcialmente fermentado ,DERIVADOS,1999,0
1409,Outros derivados,DERIVADOS,1999,0
1410,Tinto,VINHO DE MESA,2000,208242670
1411,Branco,VINHO DE MESA,2000,44902276
1412,Rosado,VINHO DE MESA,2000,19880630
1413,Tinto,VINHO FINO DE MESA (VINÍFERA),2000,18545613
1414,Branco,VINHO FINO DE MESA (VINÍFERA),2000,36955126
1415,Rosado,VINHO FINO DE MESA (VINÍFERA),2000,709000
1416,Suco de uva integral,SUCO,2000,3546779
1417,Suco de uva concentrado,SUCO,2000,14176000
1418,Suco de uva adoçado,SUCO,2000,0
1419,Suco de uva orgânico,SUCO,2000,0
1420,Suco de uva reconstituído,SUCO,2000,0
1421,Espumante,DERIVADOS,2000,71410
1422,Espumante moscatel,DERIVADOS,2000,0
1423,Base espumante,DERIVADOS,2000,0
1424,Base espumante moscatel,DERIVADOS,2000,0
1425,Base Champenoise champanha,DERIVADOS,2000,0
1426,Base Charmat champanha,DERIVADOS,2000,0
1427,Bebida de uva,DERIVADOS,2000,0
1428,Polpa de uva,DERIVADOS,2000,0
1429,Mosto simples,DERIVADOS,2000,16192018
1430,Mosto concentrado,DERIVADOS,2000,0
1431,Mosto de uva com bagaço,DERIVADOS,2000,0
1432,Mosto dessulfitado,DERIVADOS,2000,0
1433,Mistelas,DERIVADOS,2000,33000
1434,Néctar de uva,DERIVADOS,2000,0
1435,Licorosos,DERIVADOS,2000,21000
1436,Compostos,DERIVADOS,2000,0
1437,Jeropiga,DERIVADOS,2000,0
1438,Filtrado,DERIVADOS,2000,0
1439,Frisante,DERIVADOS,2000,0
1440,Vinho leve,DERIVADOS,2000,0
1441,Vinho licoroso,DERIVADOS,2000,0
1442,Brandy,DERIVADOS,2000,0
1443,Destilado,DERIVADOS,2000,1960
1444,Bagaceira,DERIVADOS,2000,12700
1445,Licor de bagaceira,DERIVADOS,2000,0
1446,Vinagre,DERIVADOS,2000,0
1447,Borra líquida,DERIVADOS,2000,9626928
1448,Borra seca,DERIVADOS,2000,0
1449,Vinho Composto,DERIVADOS,2000,0
1450,Pisco,DERIVADOS,2000,0
1451,Vinho orgânico,DERIVADOS,2000,0
1452,Espumante orgânico,DERIVADOS,2000,0
1453,Destilado alcoólico simples de bagaceira ,DERIVADOS,2000,0
1454,Vinho acidificado ,DERIVADOS,2000,0
1455,Mosto parcialmente fermentado ,DERIVADOS,2000,0
1456,Outros derivados,DERIVADOS,2000,0
1457,Tinto,VINHO DE MESA,2001,175267437
1458,Branco,VINHO DE MESA,2001,44322836
1459,Rosado,VINHO DE MESA,2001,9342185
1460,Tinto,VINHO FINO DE MESA (VINÍFERA),2001,13587683
1461,Branco,VINHO FINO DE MESA (VINÍFERA),2001,20393594
1462,Rosado,VINHO FINO DE MESA (VINÍFERA),2001,178000
1463,Suco de uva integral,SUCO,2001,5196430
1464,Suco de uva concentrado,SUCO,2001,12790752
1465,Suco de uva adoçado,SUCO,2001,0
1466,Suco de uva orgânico,SUCO,2001,0
1467,Suco de uva reconstituído,SUCO,2001,0
1468,Espumante,DERIVADOS,2001,0
1469,Espumante moscatel,DERIVADOS,2001,276099
1470,Base espumante,DERIVADOS,2001,0
1471,Base espumante moscatel,DERIVADOS,2001,0
1472,Base Champenoise champanha,DERIVADOS,2001,0
1473,Base Charmat champanha,DERIVADOS,2001,0
1474,Bebida de uva,DERIVADOS,2001,0
1475,Polpa de uva,DERIVADOS,2001,0
1476,Mosto simples,DERIVADOS,2001,6977231
1477,Mosto concentrado,DERIVADOS,2001,0
1478,Mosto de uva com bagaço,DERIVADOS,2001,0
1479,Mosto dessulfitado,DERIVADOS,2001,0
1480,Mistelas,DERIVADOS,2001,15000
1481,Néctar de uva,DERIVADOS,2001,0
1482,Licorosos,DERIVADOS,2001,4000
1483,Compostos,DERIVADOS,2001,0
1484,Jeropiga,DERIVADOS,2001,0
1485,Filtrado,DERIVADOS,2001,0
1486,Frisante,DERIVADOS,2001,0
1487,Vinho leve,DERIVADOS,2001,0
1488,Vinho licoroso,DERIVADOS,2001,0
1489,Brandy,DERIVADOS,2001,0
1490,Destilado,DERIVADOS,2001,0
1491,Bagaceira,DERIVADOS,2001,10350
1492,Licor de bagaceira,DERIVADOS,2001,0
1493,Vinagre,DERIVADOS,2001,0
1494,Borra líquida,DERIVADOS,2001,8216162
1495,Borra seca,DERIVADOS,2001,0
1496,Vinho Composto,DERIVADOS,2001,0
1497,Pisco,DERIVADOS,2001,0
1498,Vinho orgânico,DERIVADOS,2001,0
1499,Espumante orgânico,DERIVADOS,2001,0
1500,Destilado alcoólico simples de bagaceira ,DERIVADOS,2001,0
1501,Vinho acidificado ,DERIVADOS,2001,0
1502,Mosto parcialmente fermentado ,DERIVADOS,2001,0
1503,Outros derivados,DERIVADOS,2001,0
1504,Tinto,VINHO DE MESA,2002,215892333
1505,Branco,VINHO DE MESA,2002,35329657
1506,Rosado,VINHO DE MESA,2002,8367750
1507,Tinto,VINHO FINO DE MESA (VINÍFERA),2002,13619033
1508,Branco,VINHO FINO DE MESA (VINÍFERA),2002,17911689
1509,Rosado,VINHO FINO DE MESA (VINÍFERA),2002,124504
1510,Suco de uva integral,SUCO,2002,5505889
1511,Suco de uva concentrado,SUCO,2002,14722802
1512,Suco de uva adoçado,SUCO,2002,0
1513,Suco de uva orgânico,SUCO,2002,0
1514,Suco de uva reconstituído,SUCO,2002,0
1515,Espumante,DERIVADOS,2002,0
1516,Espumante moscatel,DERIVADOS,2002,0
1517,Base espumante,DERIVADOS,2002,0
1518,Base espumante moscatel,DERIVADOS,2002,0
1519,Base Champenoise champanha,DERIVADOS,2002,0
1520,Base Charmat champanha,DERIVADOS,2002,0
1521,Bebida de uva,DERIVADOS,2002,0
1522,Polpa de uva,DERIVADOS,2002,0
1523,Mosto simples,DERIVADOS,2002,12875000
1524,Mosto concentrado,DERIVADOS,2002,0
1525,Mosto de uva com bagaço,DERIVADOS,2002,0
1526,Mosto dessulfitado,DERIVADOS,2002,0
1527,Mistelas,DERIVADOS,2002,0
1528,Néctar de uva,DERIVADOS,2002,0
1529,Licorosos,DERIVADOS,2002,0
1530,Compostos,DERIVADOS,2002,0
1531,Jeropiga,DERIVADOS,2002,0
1532,Filtrado,DERIVADOS,2002,0
1533,Frisante,DERIVADOS,2002,0
1534,Vinho leve,DERIVADOS,2002,0
1535,Vinho licoroso,DERIVADOS,2002,0
1536,Brandy,DERIVADOS,2002,0
1537,Destilado,DERIVADOS,2002,0
1538,Bagaceira,DERIVADOS,2002,0
1539,Licor de bagaceira,DERIVADOS,2002,0
1540,Vinagre,DERIVADOS,2002,0
1541,Borra líquida,DERIVADOS,2002,8541861
1542,Borra seca,DERIVADOS,2002,0
1543,Vinho Composto,DERIVADOS,2002,0
1544,Pisco,DERIVADOS,2002,0
1545,Vinho orgânico,DERIVADOS,2002,6705487
1546,Espumante orgânico,DERIVADOS,2002,0
1547,Destilado alcoólico simples de bagaceira ,DERIVADOS,2002,0
1548,Vinho acidificado ,DERIVADOS,2002,0
1549,Mosto parcialmente fermentado ,DERIVADOS,2002,0
1550,Outros derivados,DERIVADOS,2002,0
1551,Tinto,VINHO DE MESA,2003,155513687
1552,Branco,VINHO DE MESA,2003,40861639
1553,Rosado,VINHO DE MESA,2003,6170398
1554,Tinto,VINHO FINO DE MESA (VINÍFERA),2003,15357576
1555,Branco,VINHO FINO DE MESA (VINÍFERA),2003,14058481
1556,Rosado,VINHO FINO DE MESA (VINÍFERA),2003,135400
1557,Suco de uva integral,SUCO,2003,1372381
1558,Suco de uva concentrado,SUCO,2003,11048364
1559,Suco de uva adoçado,SUCO,2003,0
1560,Suco de uva orgânico,SUCO,2003,0
1561,Suco de uva reconstituído,SUCO,2003,0
1562,Espumante,DERIVADOS,2003,0
1563,Espumante moscatel,DERIVADOS,2003,147600
1564,Base espumante,DERIVADOS,2003,0
1565,Base espumante moscatel,DERIVADOS,2003,0
1566,Base Champenoise champanha,DERIVADOS,2003,0
1567,Base Charmat champanha,DERIVADOS,2003,0
1568,Bebida de uva,DERIVADOS,2003,0
1569,Polpa de uva,DERIVADOS,2003,0
1570,Mosto simples,DERIVADOS,2003,13172480
1571,Mosto concentrado,DERIVADOS,2003,0
1572,Mosto de uva com bagaço,DERIVADOS,2003,0
1573,Mosto dessulfitado,DERIVADOS,2003,0
1574,Mistelas,DERIVADOS,2003,5500
1575,Néctar de uva,DERIVADOS,2003,0
1576,Licorosos,DERIVADOS,2003,34420
1577,Compostos,DERIVADOS,2003,0
1578,Jeropiga,DERIVADOS,2003,0
1579,Filtrado,DERIVADOS,2003,0
1580,Frisante,DERIVADOS,2003,0
1581,Vinho leve,DERIVADOS,2003,11000
1582,Vinho licoroso,DERIVADOS,2003,0
1583,Brandy,DERIVADOS,2003,0
1584,Destilado,DERIVADOS,2003,0
1585,Bagaceira,DERIVADOS,2003,26800
1586,Licor de bagaceira,DERIVADOS,2003,0
1587,Vinagre,DERIVADOS,2003,0
1588,Borra líquida,DERIVADOS,2003,3126172
1589,Borra seca,DERIVADOS,2003,0
1590,Vinho Composto,DERIVADOS,2003,0
1591,Pisco,DERIVADOS,2003,0
1592,Vinho orgânico,DERIVADOS,2003,7584380
1593,Espumante orgânico,DERIVADOS,2003,0
1594,Destilado alcoólico simples de bagaceira ,DERIVADOS,2003,0
1595,Vinho acidificado ,DERIVADOS,2003,0
1596,Mosto parcialmente fermentado ,DERIVADOS,2003,0
1597,Outros derivados,DERIVADOS,2003,0
1598,Tinto,VINHO DE MESA,2004,254172425
1599,Branco,VINHO DE MESA,2004,51719967
1600,Rosado,VINHO DE MESA,2004,8069892
1601,Tinto,VINHO FINO DE MESA (VINÍFERA),2004,23062182
1602,Branco,VINHO FINO DE MESA (VINÍFERA),2004,19803647
1603,Rosado,VINHO FINO DE MESA (VINÍFERA),2004,36779
1604,Suco de uva integral,SUCO,2004,6222380
1605,Suco de uva concentrado,SUCO,2004,17855732
1606,Suco de uva adoçado,SUCO,2004,0
1607,Suco de uva orgânico,SUCO,2004,0
1608,Suco de uva reconstituído,SUCO,2004,0
1609,Espumante,DERIVADOS,2004,3999
1610,Espumante moscatel,DERIVADOS,2004,204000
1611,Base espumante,DERIVADOS,2004,0
1612,Base espumante moscatel,DERIVADOS,2004,98900
1613,Base Champenoise champanha,DERIVADOS,2004,0
1614,Base Charmat champanha,DERIVADOS,2004,0
1615,Bebida de uva,DERIVADOS,2004,0
1616,Polpa de uva,DERIVADOS,2004,890562
1617,Mosto simples,DERIVADOS,2004,26067525
1618,Mosto concentrado,DERIVADOS,2004,0
1619,Mosto de uva com bagaço,DERIVADOS,2004,0
1620,Mosto dessulfitado,DERIVADOS,2004,0
1621,Mistelas,DERIVADOS,2004,11500
1622,Néctar de uva,DERIVADOS,2004,0
1623,Licorosos,DERIVADOS,2004,0
1624,Compostos,DERIVADOS,2004,0
1625,Jeropiga,DERIVADOS,2004,0
1626,Filtrado,DERIVADOS,2004,0
1627,Frisante,DERIVADOS,2004,0
1628,Vinho leve,DERIVADOS,2004,6000
1629,Vinho licoroso,DERIVADOS,2004,77800
1630,Brandy,DERIVADOS,2004,0
1631,Destilado,DERIVADOS,2004,1000
1632,Bagaceira,DERIVADOS,2004,66082
1633,Licor de bagaceira,DERIVADOS,2004,0
1634,Vinagre,DERIVADOS,2004,0
1635,Borra líquida,DERIVADOS,2004,1044490
1636,Borra seca,DERIVADOS,2004,0
1637,Vinho Composto,DERIVADOS,2004,0
1638,Pisco,DERIVADOS,2004,0
1639,Vinho orgânico,DERIVADOS,2004,0
1640,Espumante orgânico,DERIVADOS,2004,0
1641,Destilado alcoólico simples de bagaceira ,DERIVADOS,2004,0
1642,Vinho acidificado ,DERIVADOS,2004,0
1643,Mosto parcialmente fermentado ,DERIVADOS,2004,0
1644,Outros derivados,DERIVADOS,2004,0
1645,Tinto,VINHO DE MESA,2005,180698666
1646,Branco,VINHO DE MESA,2005,39212146
1647,Rosado,VINHO DE MESA,2005,6169620
1648,Tinto,VINHO FINO DE MESA (VINÍFERA),2005,25409805
1649,Branco,VINHO FINO DE MESA (VINÍFERA),2005,20012363
1650,Rosado,VINHO FINO DE MESA (VINÍFERA),2005,31730
1651,Suco de uva integral,SUCO,2005,7103175
1652,Suco de uva concentrado,SUCO,2005,19513244
1653,Suco de uva adoçado,SUCO,2005,1344177
1654,Suco de uva orgânico,SUCO,2005,0
1655,Suco de uva reconstituído,SUCO,2005,0
1656,Espumante,DERIVADOS,2005,1920
1657,Espumante moscatel,DERIVADOS,2005,514480
1658,Base espumante,DERIVADOS,2005,239000
1659,Base espumante moscatel,DERIVADOS,2005,212400
1660,Base Champenoise champanha,DERIVADOS,2005,0
1661,Base Charmat champanha,DERIVADOS,2005,0
1662,Bebida de uva,DERIVADOS,2005,0
1663,Polpa de uva,DERIVADOS,2005,1350672
1664,Mosto simples,DERIVADOS,2005,22429791
1665,Mosto concentrado,DERIVADOS,2005,83116
1666,Mosto de uva com bagaço,DERIVADOS,2005,0
1667,Mosto dessulfitado,DERIVADOS,2005,0
1668,Mistelas,DERIVADOS,2005,9960
1669,Néctar de uva,DERIVADOS,2005,0
1670,Licorosos,DERIVADOS,2005,0
1671,Compostos,DERIVADOS,2005,0
1672,Jeropiga,DERIVADOS,2005,0
1673,Filtrado,DERIVADOS,2005,0
1674,Frisante,DERIVADOS,2005,0
1675,Vinho leve,DERIVADOS,2005,16500
1676,Vinho licoroso,DERIVADOS,2005,125700
1677,Brandy,DERIVADOS,2005,0
1678,Destilado,DERIVADOS,2005,0
1679,Bagaceira,DERIVADOS,2005,32050
1680,Licor de bagaceira,DERIVADOS,2005,0
1681,Vinagre,DERIVADOS,2005,0
1682,Borra líquida,DERIVADOS,2005,526016
1683,Borra seca,DERIVADOS,2005,0
1684,Vinho Composto,DERIVADOS,2005,0
1685,Pisco,DERIVADOS,2005,0
1686,Vinho orgânico,DERIVADOS,2005,0
1687,Espumante orgânico,DERIVADOS,2005,0
1688,Destilado alcoólico simples de bagaceira ,DERIVADOS,2005,0
1689,Vinho acidificado ,DERIVADOS,2005,0
1690,Mosto parcialmente fermentado ,DERIVADOS,2005,0
1691,Outros derivados,DERIVADOS,2005,0
1692,Tinto,VINHO DE MESA,2006,149552555
1693,Branco,VINHO DE MESA,2006,31738390
1694,Rosado,VINHO DE MESA,2006,3809942
1695,Tinto,VINHO FINO DE MESA (VINÍFERA),2006,18868108
1696,Branco,VINHO FINO DE MESA (VINÍFERA),2006,13249969
1697,Rosado,VINHO FINO DE MESA (VINÍFERA),2006,50900
1698,Suco de uva integral,SUCO,2006,13946491
1699,Suco de uva concentrado,SUCO,2006,17414605
1700,Suco de uva adoçado,SUCO,2006,0
1701,Suco de uva orgânico,SUCO,2006,0
1702,Suco de uva reconstituído,SUCO,2006,0
1703,Espumante,DERIVADOS,2006,26600
1704,Espumante moscatel,DERIVADOS,2006,320514
1705,Base espumante,DERIVADOS,2006,0
1706,Base espumante moscatel,DERIVADOS,2006,362589
1707,Base Champenoise champanha,DERIVADOS,2006,0
1708,Base Charmat champanha,DERIVADOS,2006,0
1709,Bebida de uva,DERIVADOS,2006,0
1710,Polpa de uva,DERIVADOS,2006,1006000
1711,Mosto simples,DERIVADOS,2006,25903812
1712,Mosto concentrado,DERIVADOS,2006,0
1713,Mosto de uva com bagaço,DERIVADOS,2006,0
1714,Mosto dessulfitado,DERIVADOS,2006,0
1715,Mistelas,DERIVADOS,2006,0
1716,Néctar de uva,DERIVADOS,2006,0
1717,Licorosos,DERIVADOS,2006,0
1718,Compostos,DERIVADOS,2006,0
1719,Jeropiga,DERIVADOS,2006,0
1720,Filtrado,DERIVADOS,2006,0
1721,Frisante,DERIVADOS,2006,0
1722,Vinho leve,DERIVADOS,2006,0
1723,Vinho licoroso,DERIVADOS,2006,28500
1724,Brandy,DERIVADOS,2006,0
1725,Destilado,DERIVADOS,2006,0
1726,Bagaceira,DERIVADOS,2006,24250
1727,Licor de bagaceira,DERIVADOS,2006,0
1728,Vinagre,DERIVADOS,2006,0
1729,Borra líquida,DERIVADOS,2006,57333
1730,Borra seca,DERIVADOS,2006,0
1731,Vinho Composto,DERIVADOS,2006,0
1732,Pisco,DERIVADOS,2006,0
1733,Vinho orgânico,DERIVADOS,2006,22933
1734,Espumante orgânico,DERIVADOS,2006,0
1735,Destilado alcoólico simples de bagaceira ,DERIVADOS,2006,0
1736,Vinho acidificado ,DERIVADOS,2006,0
1737,Mosto parcialmente fermentado ,DERIVADOS,2006,0
1738,Outros derivados,DERIVADOS,2006,0
1739,Tinto,VINHO DE MESA,2007,228156220
1740,Branco,VINHO DE MESA,2007,42118552
1741,Rosado,VINHO DE MESA,2007,5013136
1742,Tinto,VINHO FINO DE MESA (VINÍFERA),2007,24786071
1743,Branco,VINHO FINO DE MESA (VINÍFERA),2007,17598428
1744,Rosado,VINHO FINO DE MESA (VINÍFERA),2007,791985
1745,Suco de uva integral,SUCO,2007,10147037
1746,Suco de uva concentrado,SUCO,2007,19280709
1747,Suco de uva adoçado,SUCO,2007,709098
1748,Suco de uva orgânico,SUCO,2007,0
1749,Suco de uva reconstituído,SUCO,2007,0
1750,Espumante,DERIVADOS,2007,0
1751,Espumante moscatel,DERIVADOS,2007,589332
1752,Base espumante,DERIVADOS,2007,78250
1753,Base espumante moscatel,DERIVADOS,2007,111200
1754,Base Champenoise champanha,DERIVADOS,2007,0
1755,Base Charmat champanha,DERIVADOS,2007,0
1756,Bebida de uva,DERIVADOS,2007,0
1757,Polpa de uva,DERIVADOS,2007,1083202
1758,Mosto simples,DERIVADOS,2007,37558010
1759,Mosto concentrado,DERIVADOS,2007,110000
1760,Mosto de uva com bagaço,DERIVADOS,2007,0
1761,Mosto dessulfitado,DERIVADOS,2007,0
1762,Mistelas,DERIVADOS,2007,1900
1763,Néctar de uva,DERIVADOS,2007,0
1764,Licorosos,DERIVADOS,2007,0
1765,Compostos,DERIVADOS,2007,0
1766,Jeropiga,DERIVADOS,2007,0
1767,Filtrado,DERIVADOS,2007,0
1768,Frisante,DERIVADOS,2007,0
1769,Vinho leve,DERIVADOS,2007,0
1770,Vinho licoroso,DERIVADOS,2007,27926
1771,Brandy,DERIVADOS,2007,0
1772,Destilado,DERIVADOS,2007,0
1773,Bagaceira,DERIVADOS,2007,48500
1774,Licor de bagaceira,DERIVADOS,2007,0
1775,Vinagre,DERIVADOS,2007,0
1776,Borra líquida,DERIVADOS,2007,2095873
1777,Borra seca,DERIVADOS,2007,0
1778,Vinho Composto,DERIVADOS,2007,0
1779,Pisco,DERIVADOS,2007,0
1780,Vinho orgânico,DERIVADOS,2007,307410
1781,Espumante orgânico,DERIVADOS,2007,0
1782,Destilado alcoólico simples de bagaceira ,DERIVADOS,2007,0
1783,Vinho acidificado ,DERIVADOS,2007,0
1784,Mosto parcialmente fermentado ,DERIVADOS,2007,0
1785,Outros derivados,DERIVADOS,2007,0
1786,Tinto,VINHO DE MESA,2008,241057928
1787,Branco,VINHO DE MESA,2008,42942053
1788,Rosado,VINHO DE MESA,2008,3506830
1789,Tinto,VINHO FINO DE MESA (VINÍFERA),2008,27583032
1790,Branco,VINHO FINO DE MESA (VINÍFERA),2008,18812571
1791,Rosado,VINHO FINO DE MESA (VINÍFERA),2008,938898
1792,Suco de uva integral,SUCO,2008,11817941
1793,Suco de uva concentrado,SUCO,2008,23014646
1794,Suco de uva adoçado,SUCO,2008,815407
1795,Suco de uva orgânico,SUCO,2008,0
1796,Suco de uva reconstituído,SUCO,2008,0
1797,Espumante,DERIVADOS,2008,88690
1798,Espumante moscatel,DERIVADOS,2008,1113462
1799,Base espumante,DERIVADOS,2008,220120
1800,Base espumante moscatel,DERIVADOS,2008,474721
1801,Base Champenoise champanha,DERIVADOS,2008,0
1802,Base Charmat champanha,DERIVADOS,2008,0
1803,Bebida de uva,DERIVADOS,2008,1082700
1804,Polpa de uva,DERIVADOS,2008,1188260
1805,Mosto simples,DERIVADOS,2008,53683415
1806,Mosto concentrado,DERIVADOS,2008,0
1807,Mosto de uva com bagaço,DERIVADOS,2008,0
1808,Mosto dessulfitado,DERIVADOS,2008,0
1809,Mistelas,DERIVADOS,2008,2000
1810,Néctar de uva,DERIVADOS,2008,0
1811,Licorosos,DERIVADOS,2008,0
1812,Compostos,DERIVADOS,2008,0
1813,Jeropiga,DERIVADOS,2008,0
1814,Filtrado,DERIVADOS,2008,0
1815,Frisante,DERIVADOS,2008,0
1816,Vinho leve,DERIVADOS,2008,0
1817,Vinho licoroso,DERIVADOS,2008,65650
1818,Brandy,DERIVADOS,2008,0
1819,Destilado,DERIVADOS,2008,0
1820,Bagaceira,DERIVADOS,2008,8500
1821,Licor de bagaceira,DERIVADOS,2008,0
1822,Vinagre,DERIVADOS,2008,0
1823,Borra líquida,DERIVADOS,2008,1679775
1824,Borra seca,DERIVADOS,2008,0
1825,Vinho Composto,DERIVADOS,2008,0
1826,Pisco,DERIVADOS,2008,0
1827,Vinho orgânico,DERIVADOS,2008,15000
1828,Espumante orgânico,DERIVADOS,2008,0
1829,Destilado alcoólico simples de bagaceira ,DERIVADOS,2008,0
1830,Vinho acidificado ,DERIVADOS,2008,0
1831,Mosto parcialmente fermentado ,DERIVADOS,2008,0
1832,Outros derivados,DERIVADOS,2008,0
1833,Tinto,VINHO DE MESA,2009,164143454
1834,Branco,VINHO DE MESA,2009,39211278
1835,Rosado,VINHO DE MESA,2009,2063474
1836,Tinto,VINHO FINO DE MESA (VINÍFERA),2009,18209043
1837,Branco,VINHO FINO DE MESA (VINÍFERA),2009,21366975
1838,Rosado,VINHO FINO DE MESA (VINÍFERA),2009,324550
1839,Suco de uva integral,SUCO,2009,16034003
1840,Suco de uva concentrado,SUCO,2009,23006457
1841,Suco de uva adoçado,SUCO,2009,674638
1842,Suco de uva orgânico,SUCO,2009,0
1843,Suco de uva reconstituído,SUCO,2009,0
1844,Espumante,DERIVADOS,2009,0
1845,Espumante moscatel,DERIVADOS,2009,1190500
1846,Base espumante,DERIVADOS,2009,335850
1847,Base espumante moscatel,DERIVADOS,2009,442150
1848,Base Champenoise champanha,DERIVADOS,2009,0
1849,Base Charmat champanha,DERIVADOS,2009,0
1850,Bebida de uva,DERIVADOS,2009,420
1851,Polpa de uva,DERIVADOS,2009,1352417
1852,Mosto simples,DERIVADOS,2009,53418555
1853,Mosto concentrado,DERIVADOS,2009,0
1854,Mosto de uva com bagaço,DERIVADOS,2009,0
1855,Mosto dessulfitado,DERIVADOS,2009,0
1856,Mistelas,DERIVADOS,2009,3500
1857,Néctar de uva,DERIVADOS,2009,0
1858,Licorosos,DERIVADOS,2009,38000
1859,Compostos,DERIVADOS,2009,0
1860,Jeropiga,DERIVADOS,2009,0
1861,Filtrado,DERIVADOS,2009,0
1862,Frisante,DERIVADOS,2009,0
1863,Vinho leve,DERIVADOS,2009,0
1864,Vinho licoroso,DERIVADOS,2009,0
1865,Brandy,DERIVADOS,2009,0
1866,Destilado,DERIVADOS,2009,0
1867,Bagaceira,DERIVADOS,2009,6500
1868,Licor de bagaceira,DERIVADOS,2009,0
1869,Vinagre,DERIVADOS,2009,0
1870,Borra líquida,DERIVADOS,2009,0
1871,Borra seca,DERIVADOS,2009,0
1872,Vinho Composto,DERIVADOS,2009,0
1873,Pisco,DERIVADOS,2009,0
1874,Vinho orgânico,DERIVADOS,2009,0
1875,Espumante orgânico,DERIVADOS,2009,0
1876,Destilado alcoólico simples de bagaceira ,DERIVADOS,2009,0
1877,Vinho acidificado ,DERIVADOS,2009,0
1878,Mosto parcialmente fermentado ,DERIVADOS,2009,0
1879,Outros derivados,DERIVADOS,2009,0
1880,Tinto,VINHO DE MESA,2010,157290088
1881,Branco,VINHO DE MESA,2010,35408083
1882,Rosado,VINHO DE MESA,2010,2569809
1883,Tinto,VINHO FINO DE MESA (VINÍFERA),2010,11401406
1884,Branco,VINHO FINO DE MESA (VINÍFERA),2010,13013027
1885,Rosado,VINHO FINO DE MESA (VINÍFERA),2010,391280
1886,Suco de uva integral,SUCO,2010,26887259
1887,Suco de uva concentrado,SUCO,2010,23238685
1888,Suco de uva adoçado,SUCO,2010,0
1889,Suco de uva orgânico,SUCO,2010,0
1890,Suco de uva reconstituído,SUCO,2010,0
1891,Espumante,DERIVADOS,2010,10125
1892,Espumante moscatel,DERIVADOS,2010,703393
1893,Base espumante,DERIVADOS,2010,0
1894,Base espumante moscatel,DERIVADOS,2010,1144508
1895,Base Champenoise champanha,DERIVADOS,2010,92082
1896,Base Charmat champanha,DERIVADOS,2010,254000
1897,Bebida de uva,DERIVADOS,2010,7900
1898,Polpa de uva,DERIVADOS,2010,1951606
1899,Mosto simples,DERIVADOS,2010,45912040
1900,Mosto concentrado,DERIVADOS,2010,0
1901,Mosto de uva com bagaço,DERIVADOS,2010,0
1902,Mosto dessulfitado,DERIVADOS,2010,0
1903,Mistelas,DERIVADOS,2010,0
1904,Néctar de uva,DERIVADOS,2010,0
1905,Licorosos,DERIVADOS,2010,0
1906,Compostos,DERIVADOS,2010,0
1907,Jeropiga,DERIVADOS,2010,69000
1908,Filtrado,DERIVADOS,2010,0
1909,Frisante,DERIVADOS,2010,831000
1910,Vinho leve,DERIVADOS,2010,0
1911,Vinho licoroso,DERIVADOS,2010,15000
1912,Brandy,DERIVADOS,2010,0
1913,Destilado,DERIVADOS,2010,0
1914,Bagaceira,DERIVADOS,2010,0
1915,Licor de bagaceira,DERIVADOS,2010,0
1916,Vinagre,DERIVADOS,2010,5817
1917,Borra líquida,DERIVADOS,2010,64304
1918,Borra seca,DERIVADOS,2010,149981
1919,Vinho Composto,DERIVADOS,2010,0
1920,Pisco,DERIVADOS,2010,0
1921,Vinho orgânico,DERIVADOS,2010,0
1922,Espumante orgânico,DERIVADOS,2010,0
1923,Destilado alcoólico simples de bagaceira ,DERIVADOS,2010,0
1924,Vinho acidificado ,DERIVADOS,2010,0
1925,Mosto parcialmente fermentado ,DERIVADOS,2010,0
1926,Outros derivados,DERIVADOS,2010,0
1927,Tinto,VINHO DE MESA,2011,210113358
1928,Branco,VINHO DE MESA,2011,46007504
1929,Rosado,VINHO DE MESA,2011,1719887
1930,Tinto,VINHO FINO DE MESA (VINÍFERA),2011,24104740
1931,Branco,VINHO FINO DE MESA (VINÍFERA),2011,22739426
1932,Rosado,VINHO FINO DE MESA (VINÍFERA),2011,754305
1933,Suco de uva integral,SUCO,2011,39487800
1934,Suco de uva concentrado,SUCO,2011,29564324
1935,Suco de uva adoçado,SUCO,2011,312200
1936,Suco de uva orgânico,SUCO,2011,0
1937,Suco de uva reconstituído,SUCO,2011,0
1938,Espumante,DERIVADOS,2011,26361
1939,Espumante moscatel,DERIVADOS,2011,219100
1940,Base espumante,DERIVADOS,2011,0
1941,Base espumante moscatel,DERIVADOS,2011,2749540
1942,Base Champenoise champanha,DERIVADOS,2011,74746
1943,Base Charmat champanha,DERIVADOS,2011,865858
1944,Bebida de uva,DERIVADOS,2011,0
1945,Polpa de uva,DERIVADOS,2011,2480120
1946,Mosto simples,DERIVADOS,2011,77285998
1947,Mosto concentrado,DERIVADOS,2011,0
1948,Mosto de uva com bagaço,DERIVADOS,2011,1037600
1949,Mosto dessulfitado,DERIVADOS,2011,0
1950,Mistelas,DERIVADOS,2011,0
1951,Néctar de uva,DERIVADOS,2011,0
1952,Licorosos,DERIVADOS,2011,0
1953,Compostos,DERIVADOS,2011,0
1954,Jeropiga,DERIVADOS,2011,0
1955,Filtrado,DERIVADOS,2011,0
1956,Frisante,DERIVADOS,2011,1003800
1957,Vinho leve,DERIVADOS,2011,0
1958,Vinho licoroso,DERIVADOS,2011,0
1959,Brandy,DERIVADOS,2011,0
1960,Destilado,DERIVADOS,2011,0
1961,Bagaceira,DERIVADOS,2011,0
1962,Licor de bagaceira,DERIVADOS,2011,0
1963,Vinagre,DERIVADOS,2011,0
1964,Borra líquida,DERIVADOS,2011,0
1965,Borra seca,DERIVADOS,2011,0
1966,Vinho Composto,DERIVADOS,2011,0
1967,Pisco,DERIVADOS,2011,0
1968,Vinho orgânico,DERIVADOS,2011,5600
1969,Espumante orgânico,DERIVADOS,2011,0
1970,Destilado alcoólico simples de bagaceira ,DERIVADOS,2011,0
1971,Vinho acidificado ,DERIVADOS,2011,0
1972,Mosto parcialmente fermentado ,DERIVADOS,2011,0
1973,Outros derivados,DERIVADOS,2011,0
1974,Tinto,VINHO DE MESA,2012,175875432
1975,Branco,VINHO DE MESA,2012,34938249
1976,Rosado,VINHO DE MESA,2012,1963356
1977,Tinto,VINHO FINO DE MESA (VINÍFERA),2012,24027589
1978,Branco,VINHO FINO DE MESA (VINÍFERA),2012,20647238
1979,Rosado,VINHO FINO DE MESA (VINÍFERA),2012,525903
1980,Suco de uva integral,SUCO,2012,31908829
1981,Suco de uva concentrado,SUCO,2012,37624855
1982,Suco de uva adoçado,SUCO,2012,533048
1983,Suco de uva orgânico,SUCO,2012,0
1984,Suco de uva reconstituído,SUCO,2012,0
1985,Espumante,DERIVADOS,2012,17200
1986,Espumante moscatel,DERIVADOS,2012,139775
1987,Base espumante,DERIVADOS,2012,0
1988,Base espumante moscatel,DERIVADOS,2012,2798908
1989,Base Champenoise champanha,DERIVADOS,2012,369278
1990,Base Charmat champanha,DERIVADOS,2012,479625
1991,Bebida de uva,DERIVADOS,2012,0
1992,Polpa de uva,DERIVADOS,2012,2797665
1993,Mosto simples,DERIVADOS,2012,93341575
1994,Mosto concentrado,DERIVADOS,2012,0
1995,Mosto de uva com bagaço,DERIVADOS,2012,0
1996,Mosto dessulfitado,DERIVADOS,2012,0
1997,Mistelas,DERIVADOS,2012,200
1998,Néctar de uva,DERIVADOS,2012,0
1999,Licorosos,DERIVADOS,2012,26775
2000,Compostos,DERIVADOS,2012,7600
2001,Jeropiga,DERIVADOS,2012,0
2002,Filtrado,DERIVADOS,2012,0
2003,Frisante,DERIVADOS,2012,778500
2004,Vinho leve,DERIVADOS,2012,0
2005,Vinho licoroso,DERIVADOS,2012,0
2006,Brandy,DERIVADOS,2012,0
2007,Destilado,DERIVADOS,2012,0
2008,Bagaceira,DERIVADOS,2012,0
2009,Licor de bagaceira,DERIVADOS,2012,0
2010,Vinagre,DERIVADOS,2012,0
2011,Borra líquida,DERIVADOS,2012,0
2012,Borra seca,DERIVADOS,2012,0
2013,Vinho Composto,DERIVADOS,2012,0
2014,Pisco,DERIVADOS,2012,0
2015,Vinho orgânico,DERIVADOS,2012,0
2016,Espumante orgânico,DERIVADOS,2012,0
2017,Destilado alcoólico simples de bagaceira ,DERIVADOS,2012,0
2018,Vinho acidificado ,DERIVADOS,2012,0
2019,Mosto parcialmente fermentado ,DERIVADOS,2012,0
2020,Outros derivados,DERIVADOS,2012,0
2021,Tinto,VINHO DE MESA,2013,163111797
2022,Branco,VINHO DE MESA,2013,32066403
2023,Rosado,VINHO DE MESA,2013,1726022
2024,Tinto,VINHO FINO DE MESA (VINÍFERA),2013,23156458
2025,Branco,VINHO FINO DE MESA (VINÍFERA),2013,21906349
2026,Rosado,VINHO FINO DE MESA (VINÍFERA),2013,719723
2027,Suco de uva integral,SUCO,2013,33673396
2028,Suco de uva concentrado,SUCO,2013,31206394
2029,Suco de uva adoçado,SUCO,2013,0
2030,Suco de uva orgânico,SUCO,2013,0
2031,Suco de uva reconstituído,SUCO,2013,0
2032,Espumante,DERIVADOS,2013,30275
2033,Espumante moscatel,DERIVADOS,2013,159781
2034,Base espumante,DERIVADOS,2013,0
2035,Base espumante moscatel,DERIVADOS,2013,1470700
2036,Base Champenoise champanha,DERIVADOS,2013,359617
2037,Base Charmat champanha,DERIVADOS,2013,624728
2038,Bebida de uva,DERIVADOS,2013,4260
2039,Polpa de uva,DERIVADOS,2013,1742152
2040,Mosto simples,DERIVADOS,2013,58517506
2041,Mosto concentrado,DERIVADOS,2013,0
2042,Mosto de uva com bagaço,DERIVADOS,2013,0
2043,Mosto dessulfitado,DERIVADOS,2013,0
2044,Mistelas,DERIVADOS,2013,2500
2045,Néctar de uva,DERIVADOS,2013,10000
2046,Licorosos,DERIVADOS,2013,0
2047,Compostos,DERIVADOS,2013,0
2048,Jeropiga,DERIVADOS,2013,0
2049,Filtrado,DERIVADOS,2013,0
2050,Frisante,DERIVADOS,2013,1009000
2051,Vinho leve,DERIVADOS,2013,0
2052,Vinho licoroso,DERIVADOS,2013,100
2053,Brandy,DERIVADOS,2013,0
2054,Destilado,DERIVADOS,2013,0
2055,Bagaceira,DERIVADOS,2013,0
2056,Licor de bagaceira,DERIVADOS,2013,0
2057,Vinagre,DERIVADOS,2013,0
2058,Borra líquida,DERIVADOS,2013,63111
2059,Borra seca,DERIVADOS,2013,78397
2060,Vinho Composto,DERIVADOS,2013,0
2061,Pisco,DERIVADOS,2013,0
2062,Vinho orgânico,DERIVADOS,2013,0
2063,Espumante orgânico,DERIVADOS,2013,0
2064,Destilado alcoólico simples de bagaceira ,DERIVADOS,2013,0
2065,Vinho acidificado ,DERIVADOS,2013,0
2066,Mosto parcialmente fermentado ,DERIVADOS,2013,0
2067,Outros derivados,DERIVADOS,2013,0
2068,Tinto,VINHO DE MESA,2014,157776363
2069,Branco,VINHO DE MESA,2014,37438069
2070,Rosado,VINHO DE MESA,2014,958691
2071,Tinto,VINHO FINO DE MESA (VINÍFERA),2014,17208996
2072,Branco,VINHO FINO DE MESA (VINÍFERA),2014,20054804
2073,Rosado,VINHO FINO DE MESA (VINÍFERA),2014,1200514
2074,Suco de uva integral,SUCO,2014,43331223
2075,Suco de uva concentrado,SUCO,2014,33392314
2076,Suco de uva adoçado,SUCO,2014,0
2077,Suco de uva orgânico,SUCO,2014,0
2078,Suco de uva reconstituído,SUCO,2014,0
2079,Espumante,DERIVADOS,2014,2700
2080,Espumante moscatel,DERIVADOS,2014,100000
2081,Base espumante,DERIVADOS,2014,0
2082,Base espumante moscatel,DERIVADOS,2014,1808044
2083,Base Champenoise champanha,DERIVADOS,2014,234725
2084,Base Charmat champanha,DERIVADOS,2014,376968
2085,Bebida de uva,DERIVADOS,2014,3860
2086,Polpa de uva,DERIVADOS,2014,2484000
2087,Mosto simples,DERIVADOS,2014,57582195
2088,Mosto concentrado,DERIVADOS,2014,0
2089,Mosto de uva com bagaço,DERIVADOS,2014,0
2090,Mosto dessulfitado,DERIVADOS,2014,0
2091,Mistelas,DERIVADOS,2014,1000
2092,Néctar de uva,DERIVADOS,2014,1140
2093,Licorosos,DERIVADOS,2014,0
2094,Compostos,DERIVADOS,2014,0
2095,Jeropiga,DERIVADOS,2014,0
2096,Filtrado,DERIVADOS,2014,0
2097,Frisante,DERIVADOS,2014,26069
2098,Vinho leve,DERIVADOS,2014,0
2099,Vinho licoroso,DERIVADOS,2014,36000
2100,Brandy,DERIVADOS,2014,0
2101,Destilado,DERIVADOS,2014,0
2102,Bagaceira,DERIVADOS,2014,0
2103,Licor de bagaceira,DERIVADOS,2014,0
2104,Vinagre,DERIVADOS,2014,53776
2105,Borra líquida,DERIVADOS,2014,50954
2106,Borra seca,DERIVADOS,2014,142850
2107,Vinho Composto,DERIVADOS,2014,3000
2108,Pisco,DERIVADOS,2014,0
2109,Vinho orgânico,DERIVADOS,2014,0
2110,Espumante orgânico,DERIVADOS,2014,0
2111,Destilado alcoólico simples de bagaceira ,DERIVADOS,2014,0
2112,Vinho acidificado ,DERIVADOS,2014,0
2113,Mosto parcialmente fermentado ,DERIVADOS,2014,0
2114,Outros derivados,DERIVADOS,2014,0
2115,Tinto,VINHO DE MESA,2015,169811472
2116,Branco,VINHO DE MESA,2015,39557250
2117,Rosado,VINHO DE MESA,2015,939838
2118,Tinto,VINHO FINO DE MESA (VINÍFERA),2015,16745896
2119,Branco,VINHO FINO DE MESA (VINÍFERA),2015,19561966
2120,Rosado,VINHO FINO DE MESA (VINÍFERA),2015,841120
2121,Suco de uva integral,SUCO,2015,52233155
2122,Suco de uva concentrado,SUCO,2015,35661313
2123,Suco de uva adoçado,SUCO,2015,0
2124,Suco de uva orgânico,SUCO,2015,0
2125,Suco de uva reconstituído,SUCO,2015,0
2126,Espumante,DERIVADOS,2015,23750
2127,Espumante moscatel,DERIVADOS,2015,110100
2128,Base espumante,DERIVADOS,2015,0
2129,Base espumante moscatel,DERIVADOS,2015,1607727
2130,Base Champenoise champanha,DERIVADOS,2015,605001
2131,Base Charmat champanha,DERIVADOS,2015,1466259
2132,Bebida de uva,DERIVADOS,2015,922
2133,Polpa de uva,DERIVADOS,2015,2371140
2134,Mosto simples,DERIVADOS,2015,100911592
2135,Mosto concentrado,DERIVADOS,2015,0
2136,Mosto de uva com bagaço,DERIVADOS,2015,0
2137,Mosto dessulfitado,DERIVADOS,2015,0
2138,Mistelas,DERIVADOS,2015,0
2139,Néctar de uva,DERIVADOS,2015,1000
2140,Licorosos,DERIVADOS,2015,0
2141,Compostos,DERIVADOS,2015,0
2142,Jeropiga,DERIVADOS,2015,0
2143,Filtrado,DERIVADOS,2015,0
2144,Frisante,DERIVADOS,2015,0
2145,Vinho leve,DERIVADOS,2015,0
2146,Vinho licoroso,DERIVADOS,2015,56000
2147,Brandy,DERIVADOS,2015,0
2148,Destilado,DERIVADOS,2015,0
2149,Bagaceira,DERIVADOS,2015,1350
2150,Licor de bagaceira,DERIVADOS,2015,0
2151,Vinagre,DERIVADOS,2015,25800
2152,Borra líquida,DERIVADOS,2015,48833
2153,Borra seca,DERIVADOS,2015,120230
2154,Vinho Composto,DERIVADOS,2015,0
2155,Pisco,DERIVADOS,2015,0
2156,Vinho orgânico,DERIVADOS,2015,0
2157,Espumante orgânico,DERIVADOS,2015,0
2158,Destilado alcoólico simples de bagaceira ,DERIVADOS,2015,0
2159,Vinho acidificado ,DERIVADOS,2015,0
2160,Mosto parcialmente fermentado ,DERIVADOS,2015,0
2161,Outros derivados,DERIVADOS,2015,0
2162,Tinto,VINHO DE MESA,2016,75279191
2163,Branco,VINHO DE MESA,2016,10727099
2164,Rosado,VINHO DE MESA,2016,312725
2165,Tinto,VINHO FINO DE MESA (VINÍFERA),2016,8774847
2166,Branco,VINHO FINO DE MESA (VINÍFERA),2016,8705066
2167,Rosado,VINHO FINO DE MESA (VINÍFERA),2016,590713
2168,Suco de uva integral,SUCO,2016,31117869
2169,Suco de uva concentrado,SUCO,2016,11092520
2170,Suco de uva adoçado,SUCO,2016,0
2171,Suco de uva orgânico,SUCO,2016,0
2172,Suco de uva reconstituído,SUCO,2016,0
2173,Espumante,DERIVADOS,2016,1500
2174,Espumante moscatel,DERIVADOS,2016,100000
2175,Base espumante,DERIVADOS,2016,0
2176,Base espumante moscatel,DERIVADOS,2016,1325700
2177,Base Champenoise champanha,DERIVADOS,2016,740395
2178,Base Charmat champanha,DERIVADOS,2016,250280
2179,Bebida de uva,DERIVADOS,2016,3474
2180,Polpa de uva,DERIVADOS,2016,1620430
2181,Mosto simples,DERIVADOS,2016,49770993
2182,Mosto concentrado,DERIVADOS,2016,0
2183,Mosto de uva com bagaço,DERIVADOS,2016,0
2184,Mosto dessulfitado,DERIVADOS,2016,0
2185,Mistelas,DERIVADOS,2016,0
2186,Néctar de uva,DERIVADOS,2016,0
2187,Licorosos,DERIVADOS,2016,0
2188,Compostos,DERIVADOS,2016,0
2189,Jeropiga,DERIVADOS,2016,0
2190,Filtrado,DERIVADOS,2016,0
2191,Frisante,DERIVADOS,2016,0
2192,Vinho leve,DERIVADOS,2016,0
2193,Vinho licoroso,DERIVADOS,2016,24200
2194,Brandy,DERIVADOS,2016,0
2195,Destilado,DERIVADOS,2016,0
2196,Bagaceira,DERIVADOS,2016,1000
2197,Licor de bagaceira,DERIVADOS,2016,0
2198,Vinagre,DERIVADOS,2016,5000
2199,Borra líquida,DERIVADOS,2016,24975
2200,Borra seca,DERIVADOS,2016,82367
2201,Vinho Composto,DERIVADOS,2016,0
2202,Pisco,DERIVADOS,2016,0
2203,Vinho orgânico,DERIVADOS,2016,0
2204,Espumante orgânico,DERIVADOS,2016,0
2205,Destilado alcoólico simples de bagaceira ,DERIVADOS,2016,0
2206,Vinho acidificado ,DERIVADOS,2016,0
2207,Mosto parcialmente fermentado ,DERIVADOS,2016,0
2208,Outros derivados,DERIVADOS,2016,0
2209,Tinto,VINHO DE MESA,2017,1365957
2210,Branco,VINHO DE MESA,2017,217527985
2211,Rosado,VINHO DE MESA,2017,36121245
2212,Tinto,VINHO FINO DE MESA (VINÍFERA),2017,21442212
2213,Branco,VINHO FINO DE MESA (VINÍFERA),2017,21928400
2214,Rosado,VINHO FINO DE MESA (VINÍFERA),2017,1167258
2215,Suco de uva integral,SUCO,2017,46865626
2216,Suco de uva concentrado,SUCO,2017,30059271
2217,Suco de uva adoçado,SUCO,2017,177774
2218,Suco de uva orgânico,SUCO,2017,0
2219,Suco de uva reconstituído,SUCO,2017,59300
2220,Espumante,DERIVADOS,2017,11280
2221,Espumante moscatel,DERIVADOS,2017,152375
2222,Base espumante,DERIVADOS,2017,0
2223,Base espumante moscatel,DERIVADOS,2017,1965629
2224,Base Champenoise champanha,DERIVADOS,2017,1552403
2225,Base Charmat champanha,DERIVADOS,2017,893364
2226,Bebida de uva,DERIVADOS,2017,0
2227,Polpa de uva,DERIVADOS,2017,2507125
2228,Mosto simples,DERIVADOS,2017,101010116
2229,Mosto concentrado,DERIVADOS,2017,0
2230,Mosto de uva com bagaço,DERIVADOS,2017,772110
2231,Mosto dessulfitado,DERIVADOS,2017,0
2232,Mistelas,DERIVADOS,2017,1500
2233,Néctar de uva,DERIVADOS,2017,3000
2234,Licorosos,DERIVADOS,2017,110820
2235,Compostos,DERIVADOS,2017,0
2236,Jeropiga,DERIVADOS,2017,0
2237,Filtrado,DERIVADOS,2017,0
2238,Frisante,DERIVADOS,2017,0
2239,Vinho leve,DERIVADOS,2017,0
2240,Vinho licoroso,DERIVADOS,2017,110820
2241,Brandy,DERIVADOS,2017,0
2242,Destilado,DERIVADOS,2017,0
2243,Bagaceira,DERIVADOS,2017,900
2244,Licor de bagaceira,DERIVADOS,2017,0
2245,Vinagre,DERIVADOS,2017,25319
2246,Borra líquida,DERIVADOS,2017,0
2247,Borra seca,DERIVADOS,2017,0
2248,Vinho Composto,DERIVADOS,2017,0
2249,Pisco,DERIVADOS,2017,0
2250,Vinho orgânico,DERIVADOS,2017,0
2251,Espumante orgânico,DERIVADOS,2017,0
2252,Destilado alcoólico simples de bagaceira ,DERIVADOS,2017,0
2253,Vinho acidificado ,DERIVADOS,2017,0
2254,Mosto parcialmente fermentado ,DERIVADOS,2017,0
2255,Outros derivados,DERIVADOS,2017,0
2256,Tinto,VINHO DE MESA,2018,188270142
2257,Branco,VINHO DE MESA,2018,29229970
2258,Rosado,VINHO DE MESA,2018,875524
2259,Tinto,VINHO FINO DE MESA (VINÍFERA),2018,19118254
2260,Branco,VINHO FINO DE MESA (VINÍFERA),2018,18297257
2261,Rosado,VINHO FINO DE MESA (VINÍFERA),2018,1291709
2262,Suco de uva integral,SUCO,2018,34367996
2263,Suco de uva concentrado,SUCO,2018,31099910
2264,Suco de uva adoçado,SUCO,2018,0
2265,Suco de uva orgânico,SUCO,2018,0
2266,Suco de uva reconstituído,SUCO,2018,0
2267,Espumante,DERIVADOS,2018,68500
2268,Espumante moscatel,DERIVADOS,2018,326200
2269,Base espumante,DERIVADOS,2018,0
2270,Base espumante moscatel,DERIVADOS,2018,1320650
2271,Base Champenoise champanha,DERIVADOS,2018,228518
2272,Base Charmat champanha,DERIVADOS,2018,1746540
2273,Bebida de uva,DERIVADOS,2018,0
2274,Polpa de uva,DERIVADOS,2018,2112683
2275,Mosto simples,DERIVADOS,2018,88910980
2276,Mosto concentrado,DERIVADOS,2018,0
2277,Mosto de uva com bagaço,DERIVADOS,2018,0
2278,Mosto dessulfitado,DERIVADOS,2018,0
2279,Mistelas,DERIVADOS,2018,2000
2280,Néctar de uva,DERIVADOS,2018,0
2281,Licorosos,DERIVADOS,2018,0
2282,Compostos,DERIVADOS,2018,0
2283,Jeropiga,DERIVADOS,2018,0
2284,Filtrado,DERIVADOS,2018,0
2285,Frisante,DERIVADOS,2018,0
2286,Vinho leve,DERIVADOS,2018,8000
2287,Vinho licoroso,DERIVADOS,2018,124303
2288,Brandy,DERIVADOS,2018,0
2289,Destilado,DERIVADOS,2018,680
2290,Bagaceira,DERIVADOS,2018,2100
2291,Licor de bagaceira,DERIVADOS,2018,0
2292,Vinagre,DERIVADOS,2018,25367
2293,Borra líquida,DERIVADOS,2018,255100
2294,Borra seca,DERIVADOS,2018,70480
2295,Vinho Composto,DERIVADOS,2018,0
2296,Pisco,DERIVADOS,2018,0
2297,Vinho orgânico,DERIVADOS,2018,0
2298,Espumante orgânico,DERIVADOS,2018,0
2299,Destilado alcoólico simples de bagaceira ,DERIVADOS,2018,0
2300,Vinho acidificado ,DERIVADOS,2018,0
2301,Mosto parcialmente fermentado ,DERIVADOS,2018,0
2302,Outros derivados,DERIVADOS,2018,0
2303,Tinto,VINHO DE MESA,2019,121045115
2304,Branco,VINHO DE MESA,2019,22032828
2305,Rosado,VINHO DE MESA,2019,1551794
2306,Tinto,VINHO FINO DE MESA (VINÍFERA),2019,17389377
2307,Branco,VINHO FINO DE MESA (VINÍFERA),2019,18193055
2308,Rosado,VINHO FINO DE MESA (VINÍFERA),2019,2032990
2309,Suco de uva integral,SUCO,2019,50239767
2310,Suco de uva concentrado,SUCO,2019,26861009
2311,Suco de uva adoçado,SUCO,2019,120320
2312,Suco de uva orgânico,SUCO,2019,0
2313,Suco de uva reconstituído,SUCO,2019,584256
2314,Espumante,DERIVADOS,2019,52176
2315,Espumante moscatel,DERIVADOS,2019,515800
2316,Base espumante,DERIVADOS,2019,0
2317,Base espumante moscatel,DERIVADOS,2019,1962443
2318,Base Champenoise champanha,DERIVADOS,2019,274903
2319,Base Charmat champanha,DERIVADOS,2019,1188095
2320,Bebida de uva,DERIVADOS,2019,0
2321,Polpa de uva,DERIVADOS,2019,1480269
2322,Mosto simples,DERIVADOS,2019,135614344
2323,Mosto concentrado,DERIVADOS,2019,0
2324,Mosto de uva com bagaço,DERIVADOS,2019,645816
2325,Mosto dessulfitado,DERIVADOS,2019,1000
2326,Mistelas,DERIVADOS,2019,3000
2327,Néctar de uva,DERIVADOS,2019,32519
2328,Licorosos,DERIVADOS,2019,0
2329,Compostos,DERIVADOS,2019,0
2330,Jeropiga,DERIVADOS,2019,0
2331,Filtrado,DERIVADOS,2019,0
2332,Frisante,DERIVADOS,2019,0
2333,Vinho leve,DERIVADOS,2019,0
2334,Vinho licoroso,DERIVADOS,2019,99485
2335,Brandy,DERIVADOS,2019,0
2336,Destilado,DERIVADOS,2019,0
2337,Bagaceira,DERIVADOS,2019,10495
2338,Licor de bagaceira,DERIVADOS,2019,1507
2339,Vinagre,DERIVADOS,2019,76096
2340,Borra líquida,DERIVADOS,2019,901431
2341,Borra seca,DERIVADOS,2019,25996
2342,Vinho Composto,DERIVADOS,2019,0
2343,Pisco,DERIVADOS,2019,3372
2344,Vinho orgânico,DERIVADOS,2019,0
2345,Espumante orgânico,DERIVADOS,2019,0
2346,Destilado alcoólico simples de bagaceira ,DERIVADOS,2019,0
2347,Vinho acidificado ,DERIVADOS,2019,0
2348,Mosto parcialmente fermentado ,DERIVADOS,2019,0
2349,Outros derivados,DERIVADOS,2019,0
2350,Tinto,VINHO DE MESA,2020,103916391
2351,Branco,VINHO DE MESA,2020,19568734
2352,Rosado,VINHO DE MESA,2020,715289
2353,Tinto,VINHO FINO DE MESA (VINÍFERA),2020,15451883
2354,Branco,VINHO FINO DE MESA (VINÍFERA),2020,15487915
2355,Rosado,VINHO FINO DE MESA (VINÍFERA),2020,1576888
2356,Suco de uva integral,SUCO,2020,40718523
2357,Suco de uva concentrado,SUCO,2020,27963865
2358,Suco de uva adoçado,SUCO,2020,107289
2359,Suco de uva orgânico,SUCO,2020,471610
2360,Suco de uva reconstituído,SUCO,2020,0
2361,Espumante,DERIVADOS,2020,32399
2362,Espumante moscatel,DERIVADOS,2020,689139
2363,Base espumante,DERIVADOS,2020,0
2364,Base espumante moscatel,DERIVADOS,2020,3006705
2365,Base Champenoise champanha,DERIVADOS,2020,200777
2366,Base Charmat champanha,DERIVADOS,2020,2487939
2367,Bebida de uva,DERIVADOS,2020,0
2368,Polpa de uva,DERIVADOS,2020,1803472
2369,Mosto simples,DERIVADOS,2020,80355474
2370,Mosto concentrado,DERIVADOS,2020,0
2371,Mosto de uva com bagaço,DERIVADOS,2020,3078256
2372,Mosto dessulfitado,DERIVADOS,2020,5000
2373,Mistelas,DERIVADOS,2020,0
2374,Néctar de uva,DERIVADOS,2020,46000
2375,Licorosos,DERIVADOS,2020,0
2376,Compostos,DERIVADOS,2020,0
2377,Jeropiga,DERIVADOS,2020,2000
2378,Filtrado,DERIVADOS,2020,0
2379,Frisante,DERIVADOS,2020,0
2380,Vinho leve,DERIVADOS,2020,0
2381,Vinho licoroso,DERIVADOS,2020,48678
2382,Brandy,DERIVADOS,2020,0
2383,Destilado,DERIVADOS,2020,0
2384,Bagaceira,DERIVADOS,2020,0
2385,Licor de bagaceira,DERIVADOS,2020,5800
2386,Vinagre,DERIVADOS,2020,10000
2387,Borra líquida,DERIVADOS,2020,509378
2388,Borra seca,DERIVADOS,2020,167587
2389,Vinho Composto,DERIVADOS,2020,0
2390,Pisco,DERIVADOS,2020,1000
2391,Vinho orgânico,DERIVADOS,2020,18700
2392,Espumante orgânico,DERIVADOS,2020,0
2393,Destilado alcoólico simples de bagaceira ,DERIVADOS,2020,500
2394,Vinho acidificado ,DERIVADOS,2020,65000
2395,Mosto parcialmente fermentado ,DERIVADOS,2020,0
2396,Outros derivados,DERIVADOS,2020,0
2397,Tinto,VINHO DE MESA,2021,146075996
2398,Branco,VINHO DE MESA,2021,26432799
2399,Rosado,VINHO DE MESA,2021,1391200
2400,Tinto,VINHO FINO DE MESA (VINÍFERA),2021,20433249
2401,Branco,VINHO FINO DE MESA (VINÍFERA),2021,20867999
2402,Rosado,VINHO FINO DE MESA (VINÍFERA),2021,2173750
2403,Suco de uva integral,SUCO,2021,68038479
2404,Suco de uva concentrado,SUCO,2021,32131218
2405,Suco de uva adoçado,SUCO,2021,40450
2406,Suco de uva orgânico,SUCO,2021,722117
2407,Suco de uva reconstituído,SUCO,2021,0
2408,Espumante,DERIVADOS,2021,70091
2409,Espumante moscatel,DERIVADOS,2021,11950
2410,Base espumante,DERIVADOS,2021,5475049
2411,Base espumante moscatel,DERIVADOS,2021,5549471
2412,Base Champenoise champanha,DERIVADOS,2021,0
2413,Base Charmat champanha,DERIVADOS,2021,0
2414,Bebida de uva,DERIVADOS,2021,2000
2415,Polpa de uva,DERIVADOS,2021,1180578
2416,Mosto simples,DERIVADOS,2021,153579926
2417,Mosto concentrado,DERIVADOS,2021,0
2418,Mosto de uva com bagaço,DERIVADOS,2021,618764
2419,Mosto dessulfitado,DERIVADOS,2021,1532000
2420,Mistelas,DERIVADOS,2021,2500
2421,Néctar de uva,DERIVADOS,2021,18187
2422,Licorosos,DERIVADOS,2021,0
2423,Compostos,DERIVADOS,2021,0
2424,Jeropiga,DERIVADOS,2021,3540
2425,Filtrado,DERIVADOS,2021,0
2426,Frisante,DERIVADOS,2021,1390
2427,Vinho leve,DERIVADOS,2021,0
2428,Vinho licoroso,DERIVADOS,2021,30000
2429,Brandy,DERIVADOS,2021,120
2430,Destilado,DERIVADOS,2021,0
2431,Bagaceira,DERIVADOS,2021,12060
2432,Licor de bagaceira,DERIVADOS,2021,0
2433,Vinagre,DERIVADOS,2021,7500
2434,Borra líquida,DERIVADOS,2021,116450
2435,Borra seca,DERIVADOS,2021,16789
2436,Vinho Composto,DERIVADOS,2021,160000
2437,Pisco,DERIVADOS,2021,0
2438,Vinho orgânico,DERIVADOS,2021,93884
2439,Espumante orgânico,DERIVADOS,2021,2412
2440,Destilado alcoólico simples de bagaceira ,DERIVADOS,2021,3000
2441,Vinho acidificado ,DERIVADOS,2021,0
2442,Mosto parcialmente fermentado ,DERIVADOS,2021,543510
2443,Outros derivados,DERIVADOS,2021,322
2444,Tinto,VINHO DE MESA,2022,162844214
2445,Branco,VINHO DE MESA,2022,30198430
2446,Rosado,VINHO DE MESA,2022,1988968
2447,Tinto,VINHO FINO DE MESA (VINÍFERA),2022,24417918
2448,Branco,VINHO FINO DE MESA (VINÍFERA),2022,20896613
2449,Rosado,VINHO FINO DE MESA (VINÍFERA),2022,2197265
2450,Suco de uva integral,SUCO,2022,35248305
2451,Suco de uva concentrado,SUCO,2022,29892550
2452,Suco de uva adoçado,SUCO,2022,79130
2453,Suco de uva orgânico,SUCO,2022,589094
2454,Suco de uva reconstituído,SUCO,2022,0
2455,Espumante,DERIVADOS,2022,70759
2456,Espumante moscatel,DERIVADOS,2022,27200
2457,Base espumante,DERIVADOS,2022,0
2458,Base espumante moscatel,DERIVADOS,2022,6308043
2459,Base Champenoise champanha,DERIVADOS,2022,1146717
2460,Base Charmat champanha,DERIVADOS,2022,4078766
2461,Bebida de uva,DERIVADOS,2022,0
2462,Polpa de uva,DERIVADOS,2022,387886
2463,Mosto simples,DERIVADOS,2022,126048241
2464,Mosto concentrado,DERIVADOS,2022,0
2465,Mosto de uva com bagaço,DERIVADOS,2022,0
2466,Mosto dessulfitado,DERIVADOS,2022,0
2467,Mistelas,DERIVADOS,2022,0
2468,Néctar de uva,DERIVADOS,2022,0
2469,Licorosos,DERIVADOS,2022,0
2470,Compostos,DERIVADOS,2022,0
2471,Jeropiga,DERIVADOS,2022,5000
2472,Filtrado,DERIVADOS,2022,0
2473,Frisante,DERIVADOS,2022,0
2474,Vinho leve,DERIVADOS,2022,0
2475,Vinho licoroso,DERIVADOS,2022,67000
2476,Brandy,DERIVADOS,2022,0
2477,Destilado,DERIVADOS,2022,0
2478,Bagaceira,DERIVADOS,2022,4998
2479,Licor de bagaceira,DERIVADOS,2022,0
2480,Vinagre,DERIVADOS,2022,16200
2481,Borra líquida,DERIVADOS,2022,0
2482,Borra seca,DERIVADOS,2022,0
2483,Vinho Composto,DERIVADOS,2022,0
2484,Pisco,DERIVADOS,2022,0
2485,Vinho orgânico,DERIVADOS,2022,88890
2486,Espumante orgânico,DERIVADOS,2022,0
2487,Destilado alcoólico simples de bagaceira ,DERIVADOS,2022,4300
2488,Vinho acidificado ,DERIVADOS,2022,0
2489,Mosto parcialmente fermentado ,DERIVADOS,2022,0
2490,Outros derivados,DERIVADOS,2022,247228
